context_3,context_2,context_1,response
,,,–ê —Ç–µ–ø–µ—Ä—å –≥–ª–∞–≤–Ω—ã–π –≤–æ–ø—Ä–æ—Å –¥–Ω—è
,,–ê —Ç–µ–ø–µ—Ä—å –≥–ª–∞–≤–Ω—ã–π –≤–æ–ø—Ä–æ—Å –¥–Ω—è,"—á –ø—Ä–æ–∏—Å—Ö–æ–¥–∏—Ç
–∞—Ö–∞—Ö–∞—Ö—Ö"
,–ê —Ç–µ–ø–µ—Ä—å –≥–ª–∞–≤–Ω—ã–π –≤–æ–ø—Ä–æ—Å –¥–Ω—è,"—á –ø—Ä–æ–∏—Å—Ö–æ–¥–∏—Ç
–∞—Ö–∞—Ö–∞—Ö—Ö",–î–∞
–ê —Ç–µ–ø–µ—Ä—å –≥–ª–∞–≤–Ω—ã–π –≤–æ–ø—Ä–æ—Å –¥–Ω—è,"—á –ø—Ä–æ–∏—Å—Ö–æ–¥–∏—Ç
–∞—Ö–∞—Ö–∞—Ö—Ö",–î–∞,"—Å–∏–¥–∏ –∫—É–∫—É–π \
–≤ –ª–∞–≥–µ—Ä–µ
–ø–æ–∫–∞ —á—Ç–æ
–≤—Ä–µ–º—è –±—É–¥–µ—Ç —É —Ç–µ–±—è
—Ä–∞—Å—Å–∫–∞–∂–µ–º
—Ç–µ–±–µ —á–µ–ª—ã –Ω–µ –∑–≤–æ–Ω–∏–ª–∏ ?"
"—á –ø—Ä–æ–∏—Å—Ö–æ–¥–∏—Ç
–∞—Ö–∞—Ö–∞—Ö—Ö",–î–∞,"—Å–∏–¥–∏ –∫—É–∫—É–π \
–≤ –ª–∞–≥–µ—Ä–µ
–ø–æ–∫–∞ —á—Ç–æ
–≤—Ä–µ–º—è –±—É–¥–µ—Ç —É —Ç–µ–±—è
—Ä–∞—Å—Å–∫–∞–∂–µ–º
—Ç–µ–±–µ —á–µ–ª—ã –Ω–µ –∑–≤–æ–Ω–∏–ª–∏ ?","–û–∫–µ–π
–ù–µ—Ç –ø–æ–∫–∞ —á—Ç–æ"
–î–∞,"—Å–∏–¥–∏ –∫—É–∫—É–π \
–≤ –ª–∞–≥–µ—Ä–µ
–ø–æ–∫–∞ —á—Ç–æ
–≤—Ä–µ–º—è –±—É–¥–µ—Ç —É —Ç–µ–±—è
—Ä–∞—Å—Å–∫–∞–∂–µ–º
—Ç–µ–±–µ —á–µ–ª—ã –Ω–µ –∑–≤–æ–Ω–∏–ª–∏ ?","–û–∫–µ–π
–ù–µ—Ç –ø–æ–∫–∞ —á—Ç–æ",—Ç–µ–±–µ —á–µ—á–µ–Ω—Ü—ã –¥–æ–ª–∂–Ω—ã –±—ã–ª–∏ –ø–æ–∑–≤–æ–Ω–∏—Ç—å
"—Å–∏–¥–∏ –∫—É–∫—É–π \
–≤ –ª–∞–≥–µ—Ä–µ
–ø–æ–∫–∞ —á—Ç–æ
–≤—Ä–µ–º—è –±—É–¥–µ—Ç —É —Ç–µ–±—è
—Ä–∞—Å—Å–∫–∞–∂–µ–º
—Ç–µ–±–µ —á–µ–ª—ã –Ω–µ –∑–≤–æ–Ω–∏–ª–∏ ?","–û–∫–µ–π
–ù–µ—Ç –ø–æ–∫–∞ —á—Ç–æ",—Ç–µ–±–µ —á–µ—á–µ–Ω—Ü—ã –¥–æ–ª–∂–Ω—ã –±—ã–ª–∏ –ø–æ–∑–≤–æ–Ω–∏—Ç—å,–•–æ—Ä–æ—à–æ
"–û–∫–µ–π
–ù–µ—Ç –ø–æ–∫–∞ —á—Ç–æ",—Ç–µ–±–µ —á–µ—á–µ–Ω—Ü—ã –¥–æ–ª–∂–Ω—ã –±—ã–ª–∏ –ø–æ–∑–≤–æ–Ω–∏—Ç—å,–•–æ—Ä–æ—à–æ,"–∫–æ—Ä–æ—á–µ –ø–æ–∑–≤–æ–Ω—è—Ç —Ç–µ–±–µ
–Ω–∞–∑–Ω–∞—á–∏—à—å —Ç–∞–º –≤—Ä–µ–º—è
–∫–æ–≥–¥–∞ —Ç–µ–±–µ —É–¥–æ–±–Ω–æ"
—Ç–µ–±–µ —á–µ—á–µ–Ω—Ü—ã –¥–æ–ª–∂–Ω—ã –±—ã–ª–∏ –ø–æ–∑–≤–æ–Ω–∏—Ç—å,–•–æ—Ä–æ—à–æ,"–∫–æ—Ä–æ—á–µ –ø–æ–∑–≤–æ–Ω—è—Ç —Ç–µ–±–µ
–Ω–∞–∑–Ω–∞—á–∏—à—å —Ç–∞–º –≤—Ä–µ–º—è
–∫–æ–≥–¥–∞ —Ç–µ–±–µ —É–¥–æ–±–Ω–æ","–•–æ—Ä–æ—à–æ, –±–µ–∑ –ø—Ä–æ–±–ª–µ–º"
–•–æ—Ä–æ—à–æ,"–∫–æ—Ä–æ—á–µ –ø–æ–∑–≤–æ–Ω—è—Ç —Ç–µ–±–µ
–Ω–∞–∑–Ω–∞—á–∏—à—å —Ç–∞–º –≤—Ä–µ–º—è
–∫–æ–≥–¥–∞ —Ç–µ–±–µ —É–¥–æ–±–Ω–æ","–•–æ—Ä–æ—à–æ, –±–µ–∑ –ø—Ä–æ–±–ª–µ–º",2–∫ —ç–ø —Å—Ç–æ–∏—Ç
"–∫–æ—Ä–æ—á–µ –ø–æ–∑–≤–æ–Ω—è—Ç —Ç–µ–±–µ
–Ω–∞–∑–Ω–∞—á–∏—à—å —Ç–∞–º –≤—Ä–µ–º—è
–∫–æ–≥–¥–∞ —Ç–µ–±–µ —É–¥–æ–±–Ω–æ","–•–æ—Ä–æ—à–æ, –±–µ–∑ –ø—Ä–æ–±–ª–µ–º",2–∫ —ç–ø —Å—Ç–æ–∏—Ç,"–ú—ã —É–∂–µ –∏ –Ω–µ –ø—Ä–æ–≥–µ—Ä—ã –∫–∞–∫–∏–µ-—Ç–æ –∞—Ö–∞—Ö–∞—Ö–∞
–ê –±–∏–∑–Ω–µ—Å–º–µ–Ω—ã!
–ï—Å–ª–∏ –ú–∞–∫—Å –±—É–¥–µ—Ç –ø–æ –∏—Ç–æ–≥—É —Å –Ω–∞–º–∏
–í–∞–º –±—ã —Ä–∞–Ω—å—à–µ –º–Ω–µ —ç—Ç–æ —Å–∫–∞–∑–∞—Ç—å –Ω–∞–¥–æ –±—ã–ª–æ 
–í–ø–∏—Å–∞–ª–∏ –±—ã –≤ –≥—Ä–∞–Ω—Ç
–ö–∞–∫ –ø—Ä–æ–¥–∞–≤–∞–Ω–∞ –µ–≥–æ
–ò–ª–∏ —Ç–∏–ø–æ —Ç–æ–≥–æ"
"–•–æ—Ä–æ—à–æ, –±–µ–∑ –ø—Ä–æ–±–ª–µ–º",2–∫ —ç–ø —Å—Ç–æ–∏—Ç,"–ú—ã —É–∂–µ –∏ –Ω–µ –ø—Ä–æ–≥–µ—Ä—ã –∫–∞–∫–∏–µ-—Ç–æ –∞—Ö–∞—Ö–∞—Ö–∞
–ê –±–∏–∑–Ω–µ—Å–º–µ–Ω—ã!
–ï—Å–ª–∏ –ú–∞–∫—Å –±—É–¥–µ—Ç –ø–æ –∏—Ç–æ–≥—É —Å –Ω–∞–º–∏
–í–∞–º –±—ã —Ä–∞–Ω—å—à–µ –º–Ω–µ —ç—Ç–æ —Å–∫–∞–∑–∞—Ç—å –Ω–∞–¥–æ –±—ã–ª–æ 
–í–ø–∏—Å–∞–ª–∏ –±—ã –≤ –≥—Ä–∞–Ω—Ç
–ö–∞–∫ –ø—Ä–æ–¥–∞–≤–∞–Ω–∞ –µ–≥–æ
–ò–ª–∏ —Ç–∏–ø–æ —Ç–æ–≥–æ","–Ω–µ
–Ω–∞—à –≥—Ä–∞–Ω—Ç –Ω–∞—à –≥—Ä–∞–Ω—Ç
–º—ã —Å –º–∞–∫—Å–∏–º–æ–º
–¥—Ä—É–≥–æ–µ –¥–µ–ª–∞–µ–º"
2–∫ —ç–ø —Å—Ç–æ–∏—Ç,"–ú—ã —É–∂–µ –∏ –Ω–µ –ø—Ä–æ–≥–µ—Ä—ã –∫–∞–∫–∏–µ-—Ç–æ –∞—Ö–∞—Ö–∞—Ö–∞
–ê –±–∏–∑–Ω–µ—Å–º–µ–Ω—ã!
–ï—Å–ª–∏ –ú–∞–∫—Å –±—É–¥–µ—Ç –ø–æ –∏—Ç–æ–≥—É —Å –Ω–∞–º–∏
–í–∞–º –±—ã —Ä–∞–Ω—å—à–µ –º–Ω–µ —ç—Ç–æ —Å–∫–∞–∑–∞—Ç—å –Ω–∞–¥–æ –±—ã–ª–æ 
–í–ø–∏—Å–∞–ª–∏ –±—ã –≤ –≥—Ä–∞–Ω—Ç
–ö–∞–∫ –ø—Ä–æ–¥–∞–≤–∞–Ω–∞ –µ–≥–æ
–ò–ª–∏ —Ç–∏–ø–æ —Ç–æ–≥–æ","–Ω–µ
–Ω–∞—à –≥—Ä–∞–Ω—Ç –Ω–∞—à –≥—Ä–∞–Ω—Ç
–º—ã —Å –º–∞–∫—Å–∏–º–æ–º
–¥—Ä—É–≥–æ–µ –¥–µ–ª–∞–µ–º","–ü–æ–Ω—è–ª
–¢–æ—á–Ω–µ–µ –Ω–∏—á–µ–≥–æ –Ω–µ –ø–æ–Ω—è–ª"
"–ú—ã —É–∂–µ –∏ –Ω–µ –ø—Ä–æ–≥–µ—Ä—ã –∫–∞–∫–∏–µ-—Ç–æ –∞—Ö–∞—Ö–∞—Ö–∞
–ê –±–∏–∑–Ω–µ—Å–º–µ–Ω—ã!
–ï—Å–ª–∏ –ú–∞–∫—Å –±—É–¥–µ—Ç –ø–æ –∏—Ç–æ–≥—É —Å –Ω–∞–º–∏
–í–∞–º –±—ã —Ä–∞–Ω—å—à–µ –º–Ω–µ —ç—Ç–æ —Å–∫–∞–∑–∞—Ç—å –Ω–∞–¥–æ –±—ã–ª–æ 
–í–ø–∏—Å–∞–ª–∏ –±—ã –≤ –≥—Ä–∞–Ω—Ç
–ö–∞–∫ –ø—Ä–æ–¥–∞–≤–∞–Ω–∞ –µ–≥–æ
–ò–ª–∏ —Ç–∏–ø–æ —Ç–æ–≥–æ","–Ω–µ
–Ω–∞—à –≥—Ä–∞–Ω—Ç –Ω–∞—à –≥—Ä–∞–Ω—Ç
–º—ã —Å –º–∞–∫—Å–∏–º–æ–º
–¥—Ä—É–≥–æ–µ –¥–µ–ª–∞–µ–º","–ü–æ–Ω—è–ª
–¢–æ—á–Ω–µ–µ –Ω–∏—á–µ–≥–æ –Ω–µ –ø–æ–Ω—è–ª",–≤–∞—Ö—Ö–∞—Ö–∞–∞—Ö
"–Ω–µ
–Ω–∞—à –≥—Ä–∞–Ω—Ç –Ω–∞—à –≥—Ä–∞–Ω—Ç
–º—ã —Å –º–∞–∫—Å–∏–º–æ–º
–¥—Ä—É–≥–æ–µ –¥–µ–ª–∞–µ–º","–ü–æ–Ω—è–ª
–¢–æ—á–Ω–µ–µ –Ω–∏—á–µ–≥–æ –Ω–µ –ø–æ–Ω—è–ª",–≤–∞—Ö—Ö–∞—Ö–∞–∞—Ö,–ù–æ –æ—á–µ–Ω—å –∏–Ω—Ç–µ—Ä–µ—Å–Ω–æ
,,,–≤–ª–∞–¥ —Å–∫–∏–Ω—å –ø–æ—á—Ç—É –≥–º–∞–∏–ª
,,–≤–ª–∞–¥ —Å–∫–∏–Ω—å –ø–æ—á—Ç—É –≥–º–∞–∏–ª,nugaevvladislav6@gmail.com
,,,"1. Neural Networks Co.
2. DataBricks
3. Brainwave Technologies
4. InsightIQ
5. Synapse AI
6. SmartData
7. Machine Intelligence Solutions
8. Cognifyx
9. Neuralmind
10. Artifex"
,,"1. Neural Networks Co.
2. DataBricks
3. Brainwave Technologies
4. InsightIQ
5. Synapse AI
6. SmartData
7. Machine Intelligence Solutions
8. Cognifyx
9. Neuralmind
10. Artifex",–î–∞ –∏ –µ—Å—Ç—å –∫–æ—Å–≤–µ–Ω–Ω—ã–µ
,,,–≥–æ–ª–æ—Å–æ–≤–∞–Ω–∏–µ
,,,–ß–µ—Ç –¥–æ—Ö—É—è –µ—Å–ª–∏ —Ç–∞–∫ —Å–º–æ—Ç—Ä–µ—Ç—å
,,–ß–µ—Ç –¥–æ—Ö—É—è –µ—Å–ª–∏ —Ç–∞–∫ —Å–º–æ—Ç—Ä–µ—Ç—å,—Ç—ã –ø—Ä–æ —á—ë
,,,—á–µ–≥–æ –¥–æ—Ö—É—è
,,—á–µ–≥–æ –¥–æ—Ö—É—è,"Brainwave AI
Synapse AI
Neural Networks Co."
,—á–µ–≥–æ –¥–æ—Ö—É—è,"Brainwave AI
Synapse AI
Neural Networks Co.","–º—ã –∑–∞ –Ω–∞–∑–≤–∞–Ω–∏–µ –≥–æ–ª–æ—Å—É–µ–º
–∞—Ö–∞—Ö—Ö–∞—Ö–∞—Ö–∞—Ö
–≤–ª–∞–¥–∏–∫"
—á–µ–≥–æ –¥–æ—Ö—É—è,"Brainwave AI
Synapse AI
Neural Networks Co.","–º—ã –∑–∞ –Ω–∞–∑–≤–∞–Ω–∏–µ –≥–æ–ª–æ—Å—É–µ–º
–∞—Ö–∞—Ö—Ö–∞—Ö–∞—Ö–∞—Ö
–≤–ª–∞–¥–∏–∫","–ù–∏—á–µ–≥–æ –Ω–µ –ø–æ–Ω–∏–º–∞—é
–ù–æ –∫–æ–Ω–∫—É—Ä–µ–Ω—Ç–æ–≤ —è –µ–±—É"
"Brainwave AI
Synapse AI
Neural Networks Co.","–º—ã –∑–∞ –Ω–∞–∑–≤–∞–Ω–∏–µ –≥–æ–ª–æ—Å—É–µ–º
–∞—Ö–∞—Ö—Ö–∞—Ö–∞—Ö–∞—Ö
–≤–ª–∞–¥–∏–∫","–ù–∏—á–µ–≥–æ –Ω–µ –ø–æ–Ω–∏–º–∞—é
–ù–æ –∫–æ–Ω–∫—É—Ä–µ–Ω—Ç–æ–≤ —è –µ–±—É","–∫–∞–∫–∏–µ –∫–æ–Ω–∫—É—Ä–µ–Ω—Ç—ã
—ç—Ç–æ –Ω–∞–∑–≤–∞–Ω–∏—è
—á–∞—Ç–æ–º gpt —Å–≥–µ–Ω–µ—Ä–∏—Ä–æ–≤–∞–Ω–Ω—ã–µ"
"–º—ã –∑–∞ –Ω–∞–∑–≤–∞–Ω–∏–µ –≥–æ–ª–æ—Å—É–µ–º
–∞—Ö–∞—Ö—Ö–∞—Ö–∞—Ö–∞—Ö
–≤–ª–∞–¥–∏–∫","–ù–∏—á–µ–≥–æ –Ω–µ –ø–æ–Ω–∏–º–∞—é
–ù–æ –∫–æ–Ω–∫—É—Ä–µ–Ω—Ç–æ–≤ —è –µ–±—É","–∫–∞–∫–∏–µ –∫–æ–Ω–∫—É—Ä–µ–Ω—Ç—ã
—ç—Ç–æ –Ω–∞–∑–≤–∞–Ω–∏—è
—á–∞—Ç–æ–º gpt —Å–≥–µ–Ω–µ—Ä–∏—Ä–æ–≤–∞–Ω–Ω—ã–µ","–•–∞—Ö–∞—Ö–∞—Ö–∞—Ö–∞—Ö—Ö–∞—Ö–∞—Ö–∞—Ö–∞
–ï–±–∞—Ç—å
–ê —Å–≤–æ—ë –ø—Ä–∏–¥—É–º–∞—Ç—å?
–í—ã –Ω–∞—Å—Ç–æ–ª—å–∫–æ –æ–±–ª–µ–Ω–∏–ª–∏—Å—å
–°–∫–∞–∂–∏—Ç–µ —Ç–µ–º—É"
"–ù–∏—á–µ–≥–æ –Ω–µ –ø–æ–Ω–∏–º–∞—é
–ù–æ –∫–æ–Ω–∫—É—Ä–µ–Ω—Ç–æ–≤ —è –µ–±—É","–∫–∞–∫–∏–µ –∫–æ–Ω–∫—É—Ä–µ–Ω—Ç—ã
—ç—Ç–æ –Ω–∞–∑–≤–∞–Ω–∏—è
—á–∞—Ç–æ–º gpt —Å–≥–µ–Ω–µ—Ä–∏—Ä–æ–≤–∞–Ω–Ω—ã–µ","–•–∞—Ö–∞—Ö–∞—Ö–∞—Ö–∞—Ö—Ö–∞—Ö–∞—Ö–∞—Ö–∞
–ï–±–∞—Ç—å
–ê —Å–≤–æ—ë –ø—Ä–∏–¥—É–º–∞—Ç—å?
–í—ã –Ω–∞—Å—Ç–æ–ª—å–∫–æ –æ–±–ª–µ–Ω–∏–ª–∏—Å—å
–°–∫–∞–∂–∏—Ç–µ —Ç–µ–º—É",–æ–Ω –ø–∏–∑–∂–µ –ø—Ä–∏–¥—É–º–∞–µ—Ç
"–∫–∞–∫–∏–µ –∫–æ–Ω–∫—É—Ä–µ–Ω—Ç—ã
—ç—Ç–æ –Ω–∞–∑–≤–∞–Ω–∏—è
—á–∞—Ç–æ–º gpt —Å–≥–µ–Ω–µ—Ä–∏—Ä–æ–≤–∞–Ω–Ω—ã–µ","–•–∞—Ö–∞—Ö–∞—Ö–∞—Ö–∞—Ö—Ö–∞—Ö–∞—Ö–∞—Ö–∞
–ï–±–∞—Ç—å
–ê —Å–≤–æ—ë –ø—Ä–∏–¥—É–º–∞—Ç—å?
–í—ã –Ω–∞—Å—Ç–æ–ª—å–∫–æ –æ–±–ª–µ–Ω–∏–ª–∏—Å—å
–°–∫–∞–∂–∏—Ç–µ —Ç–µ–º—É",–æ–Ω –ø–∏–∑–∂–µ –ø—Ä–∏–¥—É–º–∞–µ—Ç,"–Ø –∫–∞–∫ –≤–æ–∂–∞—Ç—ã–π 7 –æ—Ç—Ä—è–¥–∞
–ï–±–∞—Ç—å –ø—Ä–∏—É—Å–ø–µ–ª
–ù–∞–∑–≤–∞–Ω–∏—è –æ—Ç—Ä—è–¥–æ–≤
–î–ª—è –º–µ–Ω—è –∫–∞–∫ —Å–µ–º–µ—á–∫–∏ –≥—Ä—ã–∑—Ç—å"
"–•–∞—Ö–∞—Ö–∞—Ö–∞—Ö–∞—Ö—Ö–∞—Ö–∞—Ö–∞—Ö–∞
–ï–±–∞—Ç—å
–ê —Å–≤–æ—ë –ø—Ä–∏–¥—É–º–∞—Ç—å?
–í—ã –Ω–∞—Å—Ç–æ–ª—å–∫–æ –æ–±–ª–µ–Ω–∏–ª–∏—Å—å
–°–∫–∞–∂–∏—Ç–µ —Ç–µ–º—É",–æ–Ω –ø–∏–∑–∂–µ –ø—Ä–∏–¥—É–º–∞–µ—Ç,"–Ø –∫–∞–∫ –≤–æ–∂–∞—Ç—ã–π 7 –æ—Ç—Ä—è–¥–∞
–ï–±–∞—Ç—å –ø—Ä–∏—É—Å–ø–µ–ª
–ù–∞–∑–≤–∞–Ω–∏—è –æ—Ç—Ä—è–¥–æ–≤
–î–ª—è –º–µ–Ω—è –∫–∞–∫ —Å–µ–º–µ—á–∫–∏ –≥—Ä—ã–∑—Ç—å",—Ö–∞–ø—Ö—Ö–∞–ø—Ö–∞–ø
–æ–Ω –ø–∏–∑–∂–µ –ø—Ä–∏–¥—É–º–∞–µ—Ç,"–Ø –∫–∞–∫ –≤–æ–∂–∞—Ç—ã–π 7 –æ—Ç—Ä—è–¥–∞
–ï–±–∞—Ç—å –ø—Ä–∏—É—Å–ø–µ–ª
–ù–∞–∑–≤–∞–Ω–∏—è –æ—Ç—Ä—è–¥–æ–≤
–î–ª—è –º–µ–Ω—è –∫–∞–∫ —Å–µ–º–µ—á–∫–∏ –≥—Ä—ã–∑—Ç—å",—Ö–∞–ø—Ö—Ö–∞–ø—Ö–∞–ø,"–£ –Ω–∞—Å –Ω–∞–∑–≤–∞–Ω–∏–µ –æ—Ç—Ä—è–¥–∞ ""–ö–æ—Ä–æ–Ω–∞"" 
–ù–∏ —É –∫–æ–≥–æ —Ç–∞–∫–æ–≥–æ –Ω–µ –±—ã–ª–æ —Ö–∞–∑–∞"
,,,"""Bridge AI: –ú–æ—Å—Ç –∫ –ò—Å–∫—É—Å—Å—Ç–≤–µ–Ω–Ω–æ–º—É –ò–Ω—Ç–µ–ª–ª–µ–∫—Ç—É –¥–ª—è –ë–∏–∑–Ω–µ—Å–∞ ‚Äì –†–∞—Å–∫—Ä–æ–π—Ç–µ –ü–æ—Ç–µ–Ω—Ü–∏–∞–ª –í–∞—à–µ–≥–æ –ü—Ä–µ–¥–ø—Ä–∏—è—Ç–∏—è!"""
,,,–î–∞ –±–ª—è—Ç—å
,,–î–∞ –±–ª—è—Ç—å,?
,,,"–ö—Ä—á, —Å –±–∞—Ç–µ–π –ø–æ–≥–æ–≤–æ—Ä–∏–ª
–û–Ω –≥–æ–≤–æ—Ä–∏—Ç —Å–º–æ–∂–µ—Ç —Å–¥–µ–ª–∞—Ç—å –¥–æ–∫—É–º–µ–Ω—Ç—ã —á—Ç–æ –º—ã –¥–ª—è –µ–≥–æ –∫–æ–º–ø–∞–Ω–∏–∏ —Ä–∞–±–æ—Ç–∞–ª–∏
–¢–∏–ø–∞ —Ä–µ–∞–ª—å–Ω—ã–π –∫–µ–π—Å —Ä–µ—à–∞–ª–∏"
,,"–ö—Ä—á, —Å –±–∞—Ç–µ–π –ø–æ–≥–æ–≤–æ—Ä–∏–ª
–û–Ω –≥–æ–≤–æ—Ä–∏—Ç —Å–º–æ–∂–µ—Ç —Å–¥–µ–ª–∞—Ç—å –¥–æ–∫—É–º–µ–Ω—Ç—ã —á—Ç–æ –º—ã –¥–ª—è –µ–≥–æ –∫–æ–º–ø–∞–Ω–∏–∏ —Ä–∞–±–æ—Ç–∞–ª–∏
–¢–∏–ø–∞ —Ä–µ–∞–ª—å–Ω—ã–π –∫–µ–π—Å —Ä–µ—à–∞–ª–∏","–û –∫–ª–∞—Å—Å, —Ç–∏–ø–∞ —É–∂–µ –µ—Å—Ç—å –∫–ª–∏–µ–Ω—Ç—ã —Ä–µ–∞–ª—å–Ω—ã–µ"
,"–ö—Ä—á, —Å –±–∞—Ç–µ–π –ø–æ–≥–æ–≤–æ—Ä–∏–ª
–û–Ω –≥–æ–≤–æ—Ä–∏—Ç —Å–º–æ–∂–µ—Ç —Å–¥–µ–ª–∞—Ç—å –¥–æ–∫—É–º–µ–Ω—Ç—ã —á—Ç–æ –º—ã –¥–ª—è –µ–≥–æ –∫–æ–º–ø–∞–Ω–∏–∏ —Ä–∞–±–æ—Ç–∞–ª–∏
–¢–∏–ø–∞ —Ä–µ–∞–ª—å–Ω—ã–π –∫–µ–π—Å —Ä–µ—à–∞–ª–∏","–û –∫–ª–∞—Å—Å, —Ç–∏–ø–∞ —É–∂–µ –µ—Å—Ç—å –∫–ª–∏–µ–Ω—Ç—ã —Ä–µ–∞–ª—å–Ω—ã–µ","–¢–∏–ø–∞ –º—ã –Ω–∞—à–ª–∏ –∫–æ–Ω—Ç–æ—Ä—É, –¥–ª—è –∫–æ—Ç–æ—Ä–æ–π –ø—Ä–æ–≤–µ–ª–∏ –∞–Ω–∞–ª–∏—Ç–∏–∫—É –∏ –Ω–∞–ø–∏—Å–∞–ª–∏ –Ω–µ–π—Ä–æ–Ω–∫—É
–ï—â—ë –æ–Ω —Å–∫–∞–∑–∞–ª –∞–Ω–∞–ª–∏—Ç–∏–∫–∞ –¥–æ–ª–∂–Ω–∞ –±—ã—Ç—å –±–µ—Å–ø–ª–∞—Ç–Ω–æ–π –æ–±—è–∑–∞—Ç–µ–¥–±–Ω–æ
–ò–Ω–∞—á–µ —ç—Ç–æ –Ω–∏–∫–æ–º—É –Ω–µ –Ω–∞–¥–æ –±—É–¥–µ—Ç
–ï—Å–ª–∏ –∞–Ω–∞–ª–∏—Ç–∏–∫–∞ –ø–æ–∫–∞–∂–µ—Ç —Å–Ω–∏–∂–µ–Ω–∏–µ —Ä–∞—Å—Ö–æ–¥–æ–≤, —Ç–æ –±–∏–∑–Ω–µ—Å—É –±—É–¥–µ—Ç –Ω–µ–∫—É–¥–∞ –¥–µ–≤–∞—Ç—å—Å—è –ø—Ä–∏–¥—ë—Ç—Å—è –ø–æ–∫—É–ø–∞—Ç—å"
"–ö—Ä—á, —Å –±–∞—Ç–µ–π –ø–æ–≥–æ–≤–æ—Ä–∏–ª
–û–Ω –≥–æ–≤–æ—Ä–∏—Ç —Å–º–æ–∂–µ—Ç —Å–¥–µ–ª–∞—Ç—å –¥–æ–∫—É–º–µ–Ω—Ç—ã —á—Ç–æ –º—ã –¥–ª—è –µ–≥–æ –∫–æ–º–ø–∞–Ω–∏–∏ —Ä–∞–±–æ—Ç–∞–ª–∏
–¢–∏–ø–∞ —Ä–µ–∞–ª—å–Ω—ã–π –∫–µ–π—Å —Ä–µ—à–∞–ª–∏","–û –∫–ª–∞—Å—Å, —Ç–∏–ø–∞ —É–∂–µ –µ—Å—Ç—å –∫–ª–∏–µ–Ω—Ç—ã —Ä–µ–∞–ª—å–Ω—ã–µ","–¢–∏–ø–∞ –º—ã –Ω–∞—à–ª–∏ –∫–æ–Ω—Ç–æ—Ä—É, –¥–ª—è –∫–æ—Ç–æ—Ä–æ–π –ø—Ä–æ–≤–µ–ª–∏ –∞–Ω–∞–ª–∏—Ç–∏–∫—É –∏ –Ω–∞–ø–∏—Å–∞–ª–∏ –Ω–µ–π—Ä–æ–Ω–∫—É
–ï—â—ë –æ–Ω —Å–∫–∞–∑–∞–ª –∞–Ω–∞–ª–∏—Ç–∏–∫–∞ –¥–æ–ª–∂–Ω–∞ –±—ã—Ç—å –±–µ—Å–ø–ª–∞—Ç–Ω–æ–π –æ–±—è–∑–∞—Ç–µ–¥–±–Ω–æ
–ò–Ω–∞—á–µ —ç—Ç–æ –Ω–∏–∫–æ–º—É –Ω–µ –Ω–∞–¥–æ –±—É–¥–µ—Ç
–ï—Å–ª–∏ –∞–Ω–∞–ª–∏—Ç–∏–∫–∞ –ø–æ–∫–∞–∂–µ—Ç —Å–Ω–∏–∂–µ–Ω–∏–µ —Ä–∞—Å—Ö–æ–¥–æ–≤, —Ç–æ –±–∏–∑–Ω–µ—Å—É –±—É–¥–µ—Ç –Ω–µ–∫—É–¥–∞ –¥–µ–≤–∞—Ç—å—Å—è –ø—Ä–∏–¥—ë—Ç—Å—è –ø–æ–∫—É–ø–∞—Ç—å","–∞ –µ—Å–ª–∏ –Ω–∞—Å –±—É–¥—É—Ç —é–∑–∞—Ç—å —Ç–∏–ø–∞ –º—ã –ø—Ä–∏—à–ª–∏ —Ç–∞–∫–∏–µ, —Å–∫–∞–∑–∞–ª–∏ –≥–¥–µ –ø–ª–æ—Ö–æ –∏ –º–æ–∂–Ω–æ —É–ª—É—á—à–∏—Ç—å
–∏ –Ω–∞—Å –ø–æ—Å–ª–∞–ª–∏ –ø—Ä–æ—Å—Ç"
"–û –∫–ª–∞—Å—Å, —Ç–∏–ø–∞ —É–∂–µ –µ—Å—Ç—å –∫–ª–∏–µ–Ω—Ç—ã —Ä–µ–∞–ª—å–Ω—ã–µ","–¢–∏–ø–∞ –º—ã –Ω–∞—à–ª–∏ –∫–æ–Ω—Ç–æ—Ä—É, –¥–ª—è –∫–æ—Ç–æ—Ä–æ–π –ø—Ä–æ–≤–µ–ª–∏ –∞–Ω–∞–ª–∏—Ç–∏–∫—É –∏ –Ω–∞–ø–∏—Å–∞–ª–∏ –Ω–µ–π—Ä–æ–Ω–∫—É
–ï—â—ë –æ–Ω —Å–∫–∞–∑–∞–ª –∞–Ω–∞–ª–∏—Ç–∏–∫–∞ –¥–æ–ª–∂–Ω–∞ –±—ã—Ç—å –±–µ—Å–ø–ª–∞—Ç–Ω–æ–π –æ–±—è–∑–∞—Ç–µ–¥–±–Ω–æ
–ò–Ω–∞—á–µ —ç—Ç–æ –Ω–∏–∫–æ–º—É –Ω–µ –Ω–∞–¥–æ –±—É–¥–µ—Ç
–ï—Å–ª–∏ –∞–Ω–∞–ª–∏—Ç–∏–∫–∞ –ø–æ–∫–∞–∂–µ—Ç —Å–Ω–∏–∂–µ–Ω–∏–µ —Ä–∞—Å—Ö–æ–¥–æ–≤, —Ç–æ –±–∏–∑–Ω–µ—Å—É –±—É–¥–µ—Ç –Ω–µ–∫—É–¥–∞ –¥–µ–≤–∞—Ç—å—Å—è –ø—Ä–∏–¥—ë—Ç—Å—è –ø–æ–∫—É–ø–∞—Ç—å","–∞ –µ—Å–ª–∏ –Ω–∞—Å –±—É–¥—É—Ç —é–∑–∞—Ç—å —Ç–∏–ø–∞ –º—ã –ø—Ä–∏—à–ª–∏ —Ç–∞–∫–∏–µ, —Å–∫–∞–∑–∞–ª–∏ –≥–¥–µ –ø–ª–æ—Ö–æ –∏ –º–æ–∂–Ω–æ —É–ª—É—á—à–∏—Ç—å
–∏ –Ω–∞—Å –ø–æ—Å–ª–∞–ª–∏ –ø—Ä–æ—Å—Ç","–¢–∞–∫–∏–µ –º–æ–º–µ–Ω—Ç—ã –Ω–∞–¥–æ –ø—Ä–æ–¥—É–º–∞—Ç—å
–ú–æ–∂–Ω–æ –Ω–µ –≥–æ–≤–æ—Ä–∏—Ç—å –≥–¥–µ –ø–ª–æ—Ö–æ
–ú–æ–∂–Ω–æ —Å–∫–∞–∑–∞—Ç—å –Ω–∞ —Å–∫–æ–ª—å–∫–æ –ø–ª–æ—Ö–æ"
"–¢–∏–ø–∞ –º—ã –Ω–∞—à–ª–∏ –∫–æ–Ω—Ç–æ—Ä—É, –¥–ª—è –∫–æ—Ç–æ—Ä–æ–π –ø—Ä–æ–≤–µ–ª–∏ –∞–Ω–∞–ª–∏—Ç–∏–∫—É –∏ –Ω–∞–ø–∏—Å–∞–ª–∏ –Ω–µ–π—Ä–æ–Ω–∫—É
–ï—â—ë –æ–Ω —Å–∫–∞–∑–∞–ª –∞–Ω–∞–ª–∏—Ç–∏–∫–∞ –¥–æ–ª–∂–Ω–∞ –±—ã—Ç—å –±–µ—Å–ø–ª–∞—Ç–Ω–æ–π –æ–±—è–∑–∞—Ç–µ–¥–±–Ω–æ
–ò–Ω–∞—á–µ —ç—Ç–æ –Ω–∏–∫–æ–º—É –Ω–µ –Ω–∞–¥–æ –±—É–¥–µ—Ç
–ï—Å–ª–∏ –∞–Ω–∞–ª–∏—Ç–∏–∫–∞ –ø–æ–∫–∞–∂–µ—Ç —Å–Ω–∏–∂–µ–Ω–∏–µ —Ä–∞—Å—Ö–æ–¥–æ–≤, —Ç–æ –±–∏–∑–Ω–µ—Å—É –±—É–¥–µ—Ç –Ω–µ–∫—É–¥–∞ –¥–µ–≤–∞—Ç—å—Å—è –ø—Ä–∏–¥—ë—Ç—Å—è –ø–æ–∫—É–ø–∞—Ç—å","–∞ –µ—Å–ª–∏ –Ω–∞—Å –±—É–¥—É—Ç —é–∑–∞—Ç—å —Ç–∏–ø–∞ –º—ã –ø—Ä–∏—à–ª–∏ —Ç–∞–∫–∏–µ, —Å–∫–∞–∑–∞–ª–∏ –≥–¥–µ –ø–ª–æ—Ö–æ –∏ –º–æ–∂–Ω–æ —É–ª—É—á—à–∏—Ç—å
–∏ –Ω–∞—Å –ø–æ—Å–ª–∞–ª–∏ –ø—Ä–æ—Å—Ç","–¢–∞–∫–∏–µ –º–æ–º–µ–Ω—Ç—ã –Ω–∞–¥–æ –ø—Ä–æ–¥—É–º–∞—Ç—å
–ú–æ–∂–Ω–æ –Ω–µ –≥–æ–≤–æ—Ä–∏—Ç—å –≥–¥–µ –ø–ª–æ—Ö–æ
–ú–æ–∂–Ω–æ —Å–∫–∞–∑–∞—Ç—å –Ω–∞ —Å–∫–æ–ª—å–∫–æ –ø–ª–æ—Ö–æ","—Ö–ø–∞—Ö–∞–ø—Ö–∞–ø
–Ω—É –¥–∞, —Ç–æ–∂–µ –≤–∞—Ä–∏–∞–Ω—Ç"
"–∞ –µ—Å–ª–∏ –Ω–∞—Å –±—É–¥—É—Ç —é–∑–∞—Ç—å —Ç–∏–ø–∞ –º—ã –ø—Ä–∏—à–ª–∏ —Ç–∞–∫–∏–µ, —Å–∫–∞–∑–∞–ª–∏ –≥–¥–µ –ø–ª–æ—Ö–æ –∏ –º–æ–∂–Ω–æ —É–ª—É—á—à–∏—Ç—å
–∏ –Ω–∞—Å –ø–æ—Å–ª–∞–ª–∏ –ø—Ä–æ—Å—Ç","–¢–∞–∫–∏–µ –º–æ–º–µ–Ω—Ç—ã –Ω–∞–¥–æ –ø—Ä–æ–¥—É–º–∞—Ç—å
–ú–æ–∂–Ω–æ –Ω–µ –≥–æ–≤–æ—Ä–∏—Ç—å –≥–¥–µ –ø–ª–æ—Ö–æ
–ú–æ–∂–Ω–æ —Å–∫–∞–∑–∞—Ç—å –Ω–∞ —Å–∫–æ–ª—å–∫–æ –ø–ª–æ—Ö–æ","—Ö–ø–∞—Ö–∞–ø—Ö–∞–ø
–Ω—É –¥–∞, —Ç–æ–∂–µ –≤–∞—Ä–∏–∞–Ω—Ç",–ß—Ç–æ–±—ã –≤ —Å–ª—É—á–∞–µ –æ—Ç–∫–∞–∑–∞ –æ–Ω–∏ –Ω–µ —É—à–ª–∏ –∫ –∫–æ–Ω–∫—É—Ä–µ–Ω—Ç–∞–º —Å –ø–æ—Å—Ç–∞–≤–ª–µ–Ω–Ω—ã–º–∏ –Ω–∞–º–∏ –∑–∞–¥–∞—á–∞–º–∏
"–¢–∞–∫–∏–µ –º–æ–º–µ–Ω—Ç—ã –Ω–∞–¥–æ –ø—Ä–æ–¥—É–º–∞—Ç—å
–ú–æ–∂–Ω–æ –Ω–µ –≥–æ–≤–æ—Ä–∏—Ç—å –≥–¥–µ –ø–ª–æ—Ö–æ
–ú–æ–∂–Ω–æ —Å–∫–∞–∑–∞—Ç—å –Ω–∞ —Å–∫–æ–ª—å–∫–æ –ø–ª–æ—Ö–æ","—Ö–ø–∞—Ö–∞–ø—Ö–∞–ø
–Ω—É –¥–∞, —Ç–æ–∂–µ –≤–∞—Ä–∏–∞–Ω—Ç",–ß—Ç–æ–±—ã –≤ —Å–ª—É—á–∞–µ –æ—Ç–∫–∞–∑–∞ –æ–Ω–∏ –Ω–µ —É—à–ª–∏ –∫ –∫–æ–Ω–∫—É—Ä–µ–Ω—Ç–∞–º —Å –ø–æ—Å—Ç–∞–≤–ª–µ–Ω–Ω—ã–º–∏ –Ω–∞–º–∏ –∑–∞–¥–∞—á–∞–º–∏,"–¥–∞–∞
–≤–æ—Ç –≤–æ—Ç
–æ–ª–µ–≥, –∞ —Ç—ã –Ω–∞ —Å–æ–±—Ä–∞–Ω–∏–∏ –≥–æ–≤–æ—Ä–∏–ª —á—Ç–æ –ø—Ä–æ–≤–µ—Ä—è–ª —Ç–æ—á–Ω–æ—Å—Ç—å
—Ç—ã –ø–æ–ª—É—á–∞–µ—Ç—Å—è –Ω–µ –∫–∞–∫ –∑–∞–¥–∞—á–∞ –≤—Ä–µ–º–µ–Ω–Ω–æ–≥–æ —Ä—è–¥–∞ —Å–º–æ—Ç—Ä–µ–ª?"
"—Ö–ø–∞—Ö–∞–ø—Ö–∞–ø
–Ω—É –¥–∞, —Ç–æ–∂–µ –≤–∞—Ä–∏–∞–Ω—Ç",–ß—Ç–æ–±—ã –≤ —Å–ª—É—á–∞–µ –æ—Ç–∫–∞–∑–∞ –æ–Ω–∏ –Ω–µ —É—à–ª–∏ –∫ –∫–æ–Ω–∫—É—Ä–µ–Ω—Ç–∞–º —Å –ø–æ—Å—Ç–∞–≤–ª–µ–Ω–Ω—ã–º–∏ –Ω–∞–º–∏ –∑–∞–¥–∞—á–∞–º–∏,"–¥–∞–∞
–≤–æ—Ç –≤–æ—Ç
–æ–ª–µ–≥, –∞ —Ç—ã –Ω–∞ —Å–æ–±—Ä–∞–Ω–∏–∏ –≥–æ–≤–æ—Ä–∏–ª —á—Ç–æ –ø—Ä–æ–≤–µ—Ä—è–ª —Ç–æ—á–Ω–æ—Å—Ç—å
—Ç—ã –ø–æ–ª—É—á–∞–µ—Ç—Å—è –Ω–µ –∫–∞–∫ –∑–∞–¥–∞—á–∞ –≤—Ä–µ–º–µ–Ω–Ω–æ–≥–æ —Ä—è–¥–∞ —Å–º–æ—Ç—Ä–µ–ª?","–î–∞
–ì–æ –ø–æ —ç—Ç–æ–π —Ç–µ–º–µ –≤ –ª—Å —Ö–∞–∞—Ö—Ö–∞—Ö–∞
–ò–ª–∏ –¥—Ä—É–≥—É—é –±–µ—Å–µ–¥—É
–ú–æ–∂–Ω–æ —Å–¥–µ–ª–∞—Ç—å"
–ß—Ç–æ–±—ã –≤ —Å–ª—É—á–∞–µ –æ—Ç–∫–∞–∑–∞ –æ–Ω–∏ –Ω–µ —É—à–ª–∏ –∫ –∫–æ–Ω–∫—É—Ä–µ–Ω—Ç–∞–º —Å –ø–æ—Å—Ç–∞–≤–ª–µ–Ω–Ω—ã–º–∏ –Ω–∞–º–∏ –∑–∞–¥–∞—á–∞–º–∏,"–¥–∞–∞
–≤–æ—Ç –≤–æ—Ç
–æ–ª–µ–≥, –∞ —Ç—ã –Ω–∞ —Å–æ–±—Ä–∞–Ω–∏–∏ –≥–æ–≤–æ—Ä–∏–ª —á—Ç–æ –ø—Ä–æ–≤–µ—Ä—è–ª —Ç–æ—á–Ω–æ—Å—Ç—å
—Ç—ã –ø–æ–ª—É—á–∞–µ—Ç—Å—è –Ω–µ –∫–∞–∫ –∑–∞–¥–∞—á–∞ –≤—Ä–µ–º–µ–Ω–Ω–æ–≥–æ —Ä—è–¥–∞ —Å–º–æ—Ç—Ä–µ–ª?","–î–∞
–ì–æ –ø–æ —ç—Ç–æ–π —Ç–µ–º–µ –≤ –ª—Å —Ö–∞–∞—Ö—Ö–∞—Ö–∞
–ò–ª–∏ –¥—Ä—É–≥—É—é –±–µ—Å–µ–¥—É
–ú–æ–∂–Ω–æ —Å–¥–µ–ª–∞—Ç—å","–Ω—É —Ö–æ—Ç—è –¥–∞ –º—ã –≤–¥–≤–æ–µ–º —Ä–µ—à–∞–µ–º, —Ç–æ–≥–¥–∞ –ª–∏—á–∫–∞"
"–¥–∞–∞
–≤–æ—Ç –≤–æ—Ç
–æ–ª–µ–≥, –∞ —Ç—ã –Ω–∞ —Å–æ–±—Ä–∞–Ω–∏–∏ –≥–æ–≤–æ—Ä–∏–ª —á—Ç–æ –ø—Ä–æ–≤–µ—Ä—è–ª —Ç–æ—á–Ω–æ—Å—Ç—å
—Ç—ã –ø–æ–ª—É—á–∞–µ—Ç—Å—è –Ω–µ –∫–∞–∫ –∑–∞–¥–∞—á–∞ –≤—Ä–µ–º–µ–Ω–Ω–æ–≥–æ —Ä—è–¥–∞ —Å–º–æ—Ç—Ä–µ–ª?","–î–∞
–ì–æ –ø–æ —ç—Ç–æ–π —Ç–µ–º–µ –≤ –ª—Å —Ö–∞–∞—Ö—Ö–∞—Ö–∞
–ò–ª–∏ –¥—Ä—É–≥—É—é –±–µ—Å–µ–¥—É
–ú–æ–∂–Ω–æ —Å–¥–µ–ª–∞—Ç—å","–Ω—É —Ö–æ—Ç—è –¥–∞ –º—ã –≤–¥–≤–æ–µ–º —Ä–µ—à–∞–µ–º, —Ç–æ–≥–¥–∞ –ª–∏—á–∫–∞","–≤–æ–∑—å–º–∏—Ç–µ –º–µ–Ω—è
–≤ –∫–æ–º–∞–Ω–¥—É"
"–î–∞
–ì–æ –ø–æ —ç—Ç–æ–π —Ç–µ–º–µ –≤ –ª—Å —Ö–∞–∞—Ö—Ö–∞—Ö–∞
–ò–ª–∏ –¥—Ä—É–≥—É—é –±–µ—Å–µ–¥—É
–ú–æ–∂–Ω–æ —Å–¥–µ–ª–∞—Ç—å","–Ω—É —Ö–æ—Ç—è –¥–∞ –º—ã –≤–¥–≤–æ–µ–º —Ä–µ—à–∞–µ–º, —Ç–æ–≥–¥–∞ –ª–∏—á–∫–∞","–≤–æ–∑—å–º–∏—Ç–µ –º–µ–Ω—è
–≤ –∫–æ–º–∞–Ω–¥—É",–ù–∞–¥–æ –ú–∞—Ä–∞—Ç—É —Å–∫–∞–∑–∞—Ç–±
"–Ω—É —Ö–æ—Ç—è –¥–∞ –º—ã –≤–¥–≤–æ–µ–º —Ä–µ—à–∞–µ–º, —Ç–æ–≥–¥–∞ –ª–∏—á–∫–∞","–≤–æ–∑—å–º–∏—Ç–µ –º–µ–Ω—è
–≤ –∫–æ–º–∞–Ω–¥—É",–ù–∞–¥–æ –ú–∞—Ä–∞—Ç—É —Å–∫–∞–∑–∞—Ç–±,–Ω—É –ø–æ–∫–∞ –≤—Å–µ —Ä–∞–≤–Ω–æ –∑–∞–¥–∞–Ω–∏–π –Ω–µ—Ç
"–≤–æ–∑—å–º–∏—Ç–µ –º–µ–Ω—è
–≤ –∫–æ–º–∞–Ω–¥—É",–ù–∞–¥–æ –ú–∞—Ä–∞—Ç—É —Å–∫–∞–∑–∞—Ç–±,–Ω—É –ø–æ–∫–∞ –≤—Å–µ —Ä–∞–≤–Ω–æ –∑–∞–¥–∞–Ω–∏–π –Ω–µ—Ç,–ù–∞ —Å–æ–∑–≤–æ–Ω–µ –Ω–µ–∫—Å—Ç –ø—Ä–æ—Å—Ç–æ
–ù–∞–¥–æ –ú–∞—Ä–∞—Ç—É —Å–∫–∞–∑–∞—Ç–±,–Ω—É –ø–æ–∫–∞ –≤—Å–µ —Ä–∞–≤–Ω–æ –∑–∞–¥–∞–Ω–∏–π –Ω–µ—Ç,–ù–∞ —Å–æ–∑–≤–æ–Ω–µ –Ω–µ–∫—Å—Ç –ø—Ä–æ—Å—Ç–æ,"–¥—Ä—É–≥–∏—Ö
–í–æ—Ç —Ç–∞–∫–æ–µ –Ω–∞–¥–æ —á–µ—Ç–æ"
–Ω—É –ø–æ–∫–∞ –≤—Å–µ —Ä–∞–≤–Ω–æ –∑–∞–¥–∞–Ω–∏–π –Ω–µ—Ç,–ù–∞ —Å–æ–∑–≤–æ–Ω–µ –Ω–µ–∫—Å—Ç –ø—Ä–æ—Å—Ç–æ,"–¥—Ä—É–≥–∏—Ö
–í–æ—Ç —Ç–∞–∫–æ–µ –Ω–∞–¥–æ —á–µ—Ç–æ",–ú–æ–∂–µ—Ç–µ —Å–ø—Ä–æ—Å–∏—Ç—å –≤–æ —Å–∫–æ–ª—å–∫–æ –≤–æ –≤—Ç–æ—Ä–Ω–∏–∫ –±—É–¥–µ–º –ø–æ–∫–∞–∑—ã–≤–∞—Ç—å –ø—Ä–µ–∑–µ–Ω—Ç–∞—Ü–∏—é? –ß—Ç–æ–±—ã —Å—Ä–∞–∑—É –µ—Å–ª–∏ —á—Ç–æ –ú–∞—Ä–∞—Ç–∞ –ø–æ–ø—Ä–æ—Å–∏—Ç—å —á—É—Ç—å –ø–µ—Ä–µ–Ω–µ—Å—Ç–∏ —Å–æ–±—Ä–∞–Ω–∏–µ
–ù–∞ —Å–æ–∑–≤–æ–Ω–µ –Ω–µ–∫—Å—Ç –ø—Ä–æ—Å—Ç–æ,"–¥—Ä—É–≥–∏—Ö
–í–æ—Ç —Ç–∞–∫–æ–µ –Ω–∞–¥–æ —á–µ—Ç–æ",–ú–æ–∂–µ—Ç–µ —Å–ø—Ä–æ—Å–∏—Ç—å –≤–æ —Å–∫–æ–ª—å–∫–æ –≤–æ –≤—Ç–æ—Ä–Ω–∏–∫ –±—É–¥–µ–º –ø–æ–∫–∞–∑—ã–≤–∞—Ç—å –ø—Ä–µ–∑–µ–Ω—Ç–∞—Ü–∏—é? –ß—Ç–æ–±—ã —Å—Ä–∞–∑—É –µ—Å–ª–∏ —á—Ç–æ –ú–∞—Ä–∞—Ç–∞ –ø–æ–ø—Ä–æ—Å–∏—Ç—å —á—É—Ç—å –ø–µ—Ä–µ–Ω–µ—Å—Ç–∏ —Å–æ–±—Ä–∞–Ω–∏–µ,"–ê –≤–æ —Å–∫–æ–∫ —Å–æ–∑–≤–æ–Ω —Å –ú–∞—Ä–∞—Ç–æ–º?
–ï—â—ë –∂–µ –Ω–µ –ø–æ—Å—Ç–∞–≤–∏–ª–∏ –¥–∞?"
"–¥—Ä—É–≥–∏—Ö
–í–æ—Ç —Ç–∞–∫–æ–µ –Ω–∞–¥–æ —á–µ—Ç–æ",–ú–æ–∂–µ—Ç–µ —Å–ø—Ä–æ—Å–∏—Ç—å –≤–æ —Å–∫–æ–ª—å–∫–æ –≤–æ –≤—Ç–æ—Ä–Ω–∏–∫ –±—É–¥–µ–º –ø–æ–∫–∞–∑—ã–≤–∞—Ç—å –ø—Ä–µ–∑–µ–Ω—Ç–∞—Ü–∏—é? –ß—Ç–æ–±—ã —Å—Ä–∞–∑—É –µ—Å–ª–∏ —á—Ç–æ –ú–∞—Ä–∞—Ç–∞ –ø–æ–ø—Ä–æ—Å–∏—Ç—å —á—É—Ç—å –ø–µ—Ä–µ–Ω–µ—Å—Ç–∏ —Å–æ–±—Ä–∞–Ω–∏–µ,"–ê –≤–æ —Å–∫–æ–∫ —Å–æ–∑–≤–æ–Ω —Å –ú–∞—Ä–∞—Ç–æ–º?
–ï—â—ë –∂–µ –Ω–µ –ø–æ—Å—Ç–∞–≤–∏–ª–∏ –¥–∞?","–ü–æ–∫–∞ –≤—Ä–æ–¥–µ –Ω–µ—Ç –ø–∏—Å—å–º–∞
–ó–∞—Ä–∞–Ω–µ–µ —Ö–æ—Ç–µ–ª –∏—Ö –ø—Ä–µ–¥—É–ø—Ä–µ–¥–∏—Ç—å —á—Ç–æ–±—ã"
–ú–æ–∂–µ—Ç–µ —Å–ø—Ä–æ—Å–∏—Ç—å –≤–æ —Å–∫–æ–ª—å–∫–æ –≤–æ –≤—Ç–æ—Ä–Ω–∏–∫ –±—É–¥–µ–º –ø–æ–∫–∞–∑—ã–≤–∞—Ç—å –ø—Ä–µ–∑–µ–Ω—Ç–∞—Ü–∏—é? –ß—Ç–æ–±—ã —Å—Ä–∞–∑—É –µ—Å–ª–∏ —á—Ç–æ –ú–∞—Ä–∞—Ç–∞ –ø–æ–ø—Ä–æ—Å–∏—Ç—å —á—É—Ç—å –ø–µ—Ä–µ–Ω–µ—Å—Ç–∏ —Å–æ–±—Ä–∞–Ω–∏–µ,"–ê –≤–æ —Å–∫–æ–∫ —Å–æ–∑–≤–æ–Ω —Å –ú–∞—Ä–∞—Ç–æ–º?
–ï—â—ë –∂–µ –Ω–µ –ø–æ—Å—Ç–∞–≤–∏–ª–∏ –¥–∞?","–ü–æ–∫–∞ –≤—Ä–æ–¥–µ –Ω–µ—Ç –ø–∏—Å—å–º–∞
–ó–∞—Ä–∞–Ω–µ–µ —Ö–æ—Ç–µ–ª –∏—Ö –ø—Ä–µ–¥—É–ø—Ä–µ–¥–∏—Ç—å —á—Ç–æ–±—ã",–î–∞–≤–∞–π—Ç–µ —Å–¥–µ–ª–∞–µ–º –æ—Ç–¥–µ–ª—å–Ω—É—é –±–µ—Å–µ–¥—É –ø–æ –≥–∞–∑—É —Å–¥–µ–ª–∞–µ–º
"–ê –≤–æ —Å–∫–æ–∫ —Å–æ–∑–≤–æ–Ω —Å –ú–∞—Ä–∞—Ç–æ–º?
–ï—â—ë –∂–µ –Ω–µ –ø–æ—Å—Ç–∞–≤–∏–ª–∏ –¥–∞?","–ü–æ–∫–∞ –≤—Ä–æ–¥–µ –Ω–µ—Ç –ø–∏—Å—å–º–∞
–ó–∞—Ä–∞–Ω–µ–µ —Ö–æ—Ç–µ–ª –∏—Ö –ø—Ä–µ–¥—É–ø—Ä–µ–¥–∏—Ç—å —á—Ç–æ–±—ã",–î–∞–≤–∞–π—Ç–µ —Å–¥–µ–ª–∞–µ–º –æ—Ç–¥–µ–ª—å–Ω—É—é –±–µ—Å–µ–¥—É –ø–æ –≥–∞–∑—É —Å–¥–µ–ª–∞–µ–º,–ö–∏–Ω—É—Ç—å –º–µ–Ω—è —Ä–µ—à–∏–ª–∏?
"–ü–æ–∫–∞ –≤—Ä–æ–¥–µ –Ω–µ—Ç –ø–∏—Å—å–º–∞
–ó–∞—Ä–∞–Ω–µ–µ —Ö–æ—Ç–µ–ª –∏—Ö –ø—Ä–µ–¥—É–ø—Ä–µ–¥–∏—Ç—å —á—Ç–æ–±—ã",–î–∞–≤–∞–π—Ç–µ —Å–¥–µ–ª–∞–µ–º –æ—Ç–¥–µ–ª—å–Ω—É—é –±–µ—Å–µ–¥—É –ø–æ –≥–∞–∑—É —Å–¥–µ–ª–∞–µ–º,–ö–∏–Ω—É—Ç—å –º–µ–Ω—è —Ä–µ—à–∏–ª–∏?,"–¢–∞–∫ –Ω–µ—Ç
–ß—Ç–æ–±—ã —Ç–µ–±—è –Ω–µ –æ—Ç–≤–ª–µ–∫–∞—Ç—å
–¢—ã –∂–µ –Ω–µ —É—á–∞—Å—Ç–≤—É–µ—à—å –≤ —Å—Ç–∞–∂–∏—Ä–æ–≤–∫–µ"
–î–∞–≤–∞–π—Ç–µ —Å–¥–µ–ª–∞–µ–º –æ—Ç–¥–µ–ª—å–Ω—É—é –±–µ—Å–µ–¥—É –ø–æ –≥–∞–∑—É —Å–¥–µ–ª–∞–µ–º,–ö–∏–Ω—É—Ç—å –º–µ–Ω—è —Ä–µ—à–∏–ª–∏?,"–¢–∞–∫ –Ω–µ—Ç
–ß—Ç–æ–±—ã —Ç–µ–±—è –Ω–µ –æ—Ç–≤–ª–µ–∫–∞—Ç—å
–¢—ã –∂–µ –Ω–µ —É—á–∞—Å—Ç–≤—É–µ—à—å –≤ —Å—Ç–∞–∂–∏—Ä–æ–≤–∫–µ","–î–∞ –º–Ω–µ —Ç–æ —á—Ç–æ 
–Ø –≤–∏–∂—É –≤–∞—à–∏ —Å–æ–æ–±—â–µ–Ω–∏—è —Ä–∞–∑ –≤ —á–∞—Å –∫–æ–≥–¥–∞ –æ–Ω–∏ –ø—Ä–æ–≥—Ä—É–∂–∞—é—Ç—Å—è –ø—Ö–ø—Ö
–ò–º–µ—Ç—å —Ç–∞–∫ –º–Ω–æ–≥–æ –±–µ—Å–µ–¥, –µ—Å–ª–∏ –≤–∞–º —É–¥–æ–±–Ω–µ–µ –∫–æ–Ω–µ—á–Ω–æ —Ç–æ –æ–∫ 
–ù–æ –º–µ–Ω—è –Ω–µ –æ—Ç–≤–ª–µ–∫–∞–µ—Ç–µ"
–ö–∏–Ω—É—Ç—å –º–µ–Ω—è —Ä–µ—à–∏–ª–∏?,"–¢–∞–∫ –Ω–µ—Ç
–ß—Ç–æ–±—ã —Ç–µ–±—è –Ω–µ –æ—Ç–≤–ª–µ–∫–∞—Ç—å
–¢—ã –∂–µ –Ω–µ —É—á–∞—Å—Ç–≤—É–µ—à—å –≤ —Å—Ç–∞–∂–∏—Ä–æ–≤–∫–µ","–î–∞ –º–Ω–µ —Ç–æ —á—Ç–æ 
–Ø –≤–∏–∂—É –≤–∞—à–∏ —Å–æ–æ–±—â–µ–Ω–∏—è —Ä–∞–∑ –≤ —á–∞—Å –∫–æ–≥–¥–∞ –æ–Ω–∏ –ø—Ä–æ–≥—Ä—É–∂–∞—é—Ç—Å—è –ø—Ö–ø—Ö
–ò–º–µ—Ç—å —Ç–∞–∫ –º–Ω–æ–≥–æ –±–µ—Å–µ–¥, –µ—Å–ª–∏ –≤–∞–º —É–¥–æ–±–Ω–µ–µ –∫–æ–Ω–µ—á–Ω–æ —Ç–æ –æ–∫ 
–ù–æ –º–µ–Ω—è –Ω–µ –æ—Ç–≤–ª–µ–∫–∞–µ—Ç–µ","–°–º–æ–∂–µ–º –∑–∞–≤—Ç—Ä–∞ –≤ 11-12 —Å–æ–∑–≤–æ–Ω —Å–¥–µ–ª–∞—Ç—å?
–ú–Ω–µ –ø—Ä–æ—Å—Ç –≤ 2 —É–µ—Ö–∞—Ç—å –Ω–∞–¥ –±—É–¥–µ—Ç"
"–¢–∞–∫ –Ω–µ—Ç
–ß—Ç–æ–±—ã —Ç–µ–±—è –Ω–µ –æ—Ç–≤–ª–µ–∫–∞—Ç—å
–¢—ã –∂–µ –Ω–µ —É—á–∞—Å—Ç–≤—É–µ—à—å –≤ —Å—Ç–∞–∂–∏—Ä–æ–≤–∫–µ","–î–∞ –º–Ω–µ —Ç–æ —á—Ç–æ 
–Ø –≤–∏–∂—É –≤–∞—à–∏ —Å–æ–æ–±—â–µ–Ω–∏—è —Ä–∞–∑ –≤ —á–∞—Å –∫–æ–≥–¥–∞ –æ–Ω–∏ –ø—Ä–æ–≥—Ä—É–∂–∞—é—Ç—Å—è –ø—Ö–ø—Ö
–ò–º–µ—Ç—å —Ç–∞–∫ –º–Ω–æ–≥–æ –±–µ—Å–µ–¥, –µ—Å–ª–∏ –≤–∞–º —É–¥–æ–±–Ω–µ–µ –∫–æ–Ω–µ—á–Ω–æ —Ç–æ –æ–∫ 
–ù–æ –º–µ–Ω—è –Ω–µ –æ—Ç–≤–ª–µ–∫–∞–µ—Ç–µ","–°–º–æ–∂–µ–º –∑–∞–≤—Ç—Ä–∞ –≤ 11-12 —Å–æ–∑–≤–æ–Ω —Å–¥–µ–ª–∞—Ç—å?
–ú–Ω–µ –ø—Ä–æ—Å—Ç –≤ 2 —É–µ—Ö–∞—Ç—å –Ω–∞–¥ –±—É–¥–µ—Ç","–Ø –Ω–∞–≤–µ—Ä–Ω —É–µ–¥—É —É–∂–µ
–ó–∞–≤—Ç—Ä–∞ —É –º–µ–Ω—è –∂–æ–ø–∞ —Å–æ –≤—Ä–µ–º–µ–Ω–Ω–º"
"–î–∞ –º–Ω–µ —Ç–æ —á—Ç–æ 
–Ø –≤–∏–∂—É –≤–∞—à–∏ —Å–æ–æ–±—â–µ–Ω–∏—è —Ä–∞–∑ –≤ —á–∞—Å –∫–æ–≥–¥–∞ –æ–Ω–∏ –ø—Ä–æ–≥—Ä—É–∂–∞—é—Ç—Å—è –ø—Ö–ø—Ö
–ò–º–µ—Ç—å —Ç–∞–∫ –º–Ω–æ–≥–æ –±–µ—Å–µ–¥, –µ—Å–ª–∏ –≤–∞–º —É–¥–æ–±–Ω–µ–µ –∫–æ–Ω–µ—á–Ω–æ —Ç–æ –æ–∫ 
–ù–æ –º–µ–Ω—è –Ω–µ –æ—Ç–≤–ª–µ–∫–∞–µ—Ç–µ","–°–º–æ–∂–µ–º –∑–∞–≤—Ç—Ä–∞ –≤ 11-12 —Å–æ–∑–≤–æ–Ω —Å–¥–µ–ª–∞—Ç—å?
–ú–Ω–µ –ø—Ä–æ—Å—Ç –≤ 2 —É–µ—Ö–∞—Ç—å –Ω–∞–¥ –±—É–¥–µ—Ç","–Ø –Ω–∞–≤–µ—Ä–Ω —É–µ–¥—É —É–∂–µ
–ó–∞–≤—Ç—Ä–∞ —É –º–µ–Ω—è –∂–æ–ø–∞ —Å–æ –≤—Ä–µ–º–µ–Ω–Ω–º","–Ø –≤ 10 –µ–¥—É –≤ –ë–µ–ª–æ—Ä–µ—Ü–∫
–¢.–µ. –≤ —á–∞—Å –≥–¥–µ —Ç–æ –±—É–¥—É –≤ –≥–æ—Ä–æ–¥–µ
–ú–æ–∂–µ—Ç–µ –±–µ–∑ –º–µ–Ω—è –ø–æ—Å–∏–¥–µ—Ç—å"
"–°–º–æ–∂–µ–º –∑–∞–≤—Ç—Ä–∞ –≤ 11-12 —Å–æ–∑–≤–æ–Ω —Å–¥–µ–ª–∞—Ç—å?
–ú–Ω–µ –ø—Ä–æ—Å—Ç –≤ 2 —É–µ—Ö–∞—Ç—å –Ω–∞–¥ –±—É–¥–µ—Ç","–Ø –Ω–∞–≤–µ—Ä–Ω —É–µ–¥—É —É–∂–µ
–ó–∞–≤—Ç—Ä–∞ —É –º–µ–Ω—è –∂–æ–ø–∞ —Å–æ –≤—Ä–µ–º–µ–Ω–Ω–º","–Ø –≤ 10 –µ–¥—É –≤ –ë–µ–ª–æ—Ä–µ—Ü–∫
–¢.–µ. –≤ —á–∞—Å –≥–¥–µ —Ç–æ –±—É–¥—É –≤ –≥–æ—Ä–æ–¥–µ
–ú–æ–∂–µ—Ç–µ –±–µ–∑ –º–µ–Ω—è –ø–æ—Å–∏–¥–µ—Ç—å","–Ø —É–µ–¥—É —á–∞—Å–æ–≤ –≤ 11 –ø–æ –¥–µ–ª–∞–º
–ï—Å–ª–∏ –±—É–¥–µ—Ç –≤—Ä–µ–º—è —É—Ç—Ä–æ–º, –ø–æ—Å–∏–∂—É –ø–æ–¥–µ–ª–∞—é —á–æ–Ω–∏—Ç—å
–í—ã —Ç–æ–∂–µ –µ—Å–ª–∏ –±—É–¥–µ—Ç –≤—Ä–µ–º—è –ø–æ–∏–∑—É—á–∞–π—Ç–µ"
"–Ø –Ω–∞–≤–µ—Ä–Ω —É–µ–¥—É —É–∂–µ
–ó–∞–≤—Ç—Ä–∞ —É –º–µ–Ω—è –∂–æ–ø–∞ —Å–æ –≤—Ä–µ–º–µ–Ω–Ω–º","–Ø –≤ 10 –µ–¥—É –≤ –ë–µ–ª–æ—Ä–µ—Ü–∫
–¢.–µ. –≤ —á–∞—Å –≥–¥–µ —Ç–æ –±—É–¥—É –≤ –≥–æ—Ä–æ–¥–µ
–ú–æ–∂–µ—Ç–µ –±–µ–∑ –º–µ–Ω—è –ø–æ—Å–∏–¥–µ—Ç—å","–Ø —É–µ–¥—É —á–∞—Å–æ–≤ –≤ 11 –ø–æ –¥–µ–ª–∞–º
–ï—Å–ª–∏ –±—É–¥–µ—Ç –≤—Ä–µ–º—è —É—Ç—Ä–æ–º, –ø–æ—Å–∏–∂—É –ø–æ–¥–µ–ª–∞—é —á–æ–Ω–∏—Ç—å
–í—ã —Ç–æ–∂–µ –µ—Å–ª–∏ –±—É–¥–µ—Ç –≤—Ä–µ–º—è –ø–æ–∏–∑—É—á–∞–π—Ç–µ",–û–∫–µ–π
"–Ø –≤ 10 –µ–¥—É –≤ –ë–µ–ª–æ—Ä–µ—Ü–∫
–¢.–µ. –≤ —á–∞—Å –≥–¥–µ —Ç–æ –±—É–¥—É –≤ –≥–æ—Ä–æ–¥–µ
–ú–æ–∂–µ—Ç–µ –±–µ–∑ –º–µ–Ω—è –ø–æ—Å–∏–¥–µ—Ç—å","–Ø —É–µ–¥—É —á–∞—Å–æ–≤ –≤ 11 –ø–æ –¥–µ–ª–∞–º
–ï—Å–ª–∏ –±—É–¥–µ—Ç –≤—Ä–µ–º—è —É—Ç—Ä–æ–º, –ø–æ—Å–∏–∂—É –ø–æ–¥–µ–ª–∞—é —á–æ–Ω–∏—Ç—å
–í—ã —Ç–æ–∂–µ –µ—Å–ª–∏ –±—É–¥–µ—Ç –≤—Ä–µ–º—è –ø–æ–∏–∑—É—á–∞–π—Ç–µ",–û–∫–µ–π,–¢–∞–º –≤ —Ç–µ–∫—Å—Ç–æ–≤—ã–π –¥–æ–∫—É–º–µ–Ω—Ç –Ω–∞–ø–∏—à–∏—Ç–µ –ß –¥–æ–±–∞–≤–∏–ª–∏ –±—ã –∏–ª–∏ –ß –≤—â –º–æ–∂–Ω–æ —Å–¥–µ–ª–∞—Ç—å
"–Ø —É–µ–¥—É —á–∞—Å–æ–≤ –≤ 11 –ø–æ –¥–µ–ª–∞–º
–ï—Å–ª–∏ –±—É–¥–µ—Ç –≤—Ä–µ–º—è —É—Ç—Ä–æ–º, –ø–æ—Å–∏–∂—É –ø–æ–¥–µ–ª–∞—é —á–æ–Ω–∏—Ç—å
–í—ã —Ç–æ–∂–µ –µ—Å–ª–∏ –±—É–¥–µ—Ç –≤—Ä–µ–º—è –ø–æ–∏–∑—É—á–∞–π—Ç–µ",–û–∫–µ–π,–¢–∞–º –≤ —Ç–µ–∫—Å—Ç–æ–≤—ã–π –¥–æ–∫—É–º–µ–Ω—Ç –Ω–∞–ø–∏—à–∏—Ç–µ –ß –¥–æ–±–∞–≤–∏–ª–∏ –±—ã –∏–ª–∏ –ß –≤—â –º–æ–∂–Ω–æ —Å–¥–µ–ª–∞—Ç—å,"–ú–Ω–µ –Ω–µ–±–æ–ª—å—à–∞—è –∏–¥–µ—è –ø—Ä–∏—à–ª–∞
–Ø –µ–µ –Ω–∞–ø–∏—Å–∞–ª –≤ —Ç–µ–∫—Å—Ç–æ–≤—ã–π —Ñ–∞–π–ª –Ω–∞ –¥–∏—Å–∫–µ
–ü–µ—Ä–µ—Å—ã–ª–∞—é —Å—é–¥–∞
–ö–∞–∫ –∏–¥–µ—è:
–í–µ–±-—Å–µ—Ä–≤–∏—Å, –∫–æ—Ç–æ—Ä—ã–π –æ–±—ä–µ–¥–∏–Ω—è–µ—Ç –Ω–∞—á–∏–Ω–∞—é—â–∏—Ö –¥–∞—Ç–∞ —Å–∞–Ω—Ç–∏—Å—Ç–æ–≤ –∏ –º–∞–ª—ã–µ –ø—Ä–µ–¥–ø—Ä–∏—è—Ç–∏—è. 

–ü—Ä–æ–±–ª–µ–º–∞:
1. –ï—Å—Ç—å –Ω–∞—á–∏–Ω–∞—é—â–∏–µ, –∏–ª–∏ –ø—Ä–æ—Å—Ç–æ –¥–∞—Ç–∞ —Å–∞–Ω—Ç–∏—Å—Ç—ã, –∫–æ—Ç–æ—Ä—ã–µ –¥–∞–Ω–Ω—ã–µ –º–æ–º–µ–Ω—Ç –Ω–∞—Ö–æ–¥—è—Ç—Å—è –≤ –ø–æ–ª–æ–∂–µ–Ω–∏–∏, –≤ –∫–æ—Ç–æ—Ä–æ–º –Ω–µ –º–æ–≥—É—Ç –Ω–∞–π—Ç–∏ –∫–∞–∫ —Å–µ–±—è —Ä–µ–∞–ª–∏–∑–æ–≤–∞—Ç—å. –°–æ–æ—Ç–≤–µ—Ç—Å—Ç–≤–µ–Ω–Ω–æ, –Ω–∞—à –≤–µ–± —Å–µ—Ä–≤–∏—Å –ø–æ–º–æ–∂–µ—Ç –∏–º –Ω–∞–π—Ç–∏ –Ω—É–∂–Ω—ã—Ö –∫–ª–∏–µ–Ω—Ç–æ–≤, –æ–¥–Ω–æ–≤—Ä–µ–º–µ–Ω–Ω–æ –Ω–∞–π–¥—è –∏–º –ø–µ—Ä–≤—ã–π –æ–ø—ã—Ç —Ä–∞–±–æ—Ç—ã, –∫–æ—Ç–æ—Ä—ã–π —Ç–∞–∫ –Ω–µ —Ö–≤–∞—Ç–∞–µ—Ç –≤ –Ω–∞—à–µ –≤—Ä–µ–º—è. 
2. –ï—Å—Ç—å –º–∞–ª—ã–µ –ø—Ä–µ–¥–ø—Ä–∏—è—Ç–∏—è, –∫–æ—Ç–æ—Ä—ã–µ –≤ –ø–æ–∏—Å–∫–∞—Ö –º–µ—Ç–æ–¥–æ–≤ –∏ –∏–¥–µ–π, –∫–æ—Ç–æ—Ä—ã–µ —É–ª—É—á—à–∞—Ç –∏, —Å–æ–æ—Ç–≤–µ—Ç—Å—Ç–≤–µ–Ω–Ω–æ, —É–≤–µ–ª–∏—á–∞—Ç –∏—Ö –ø—Ä–∏–±—ã–ª—å –∏ –∫–æ–Ω–∫—É—Ä–µ–Ω—Ç–æ—Å–ø–æ—Å–æ–±–Ω–æ—Å—Ç—å –Ω–∞ —Ä—ã–Ω–∫–µ. –°–æ–æ—Ç–≤–µ—Ç—Å—Ç–≤–µ–Ω–Ω–æ, –Ω–∞—à –≤–µ–± —Å–µ—Ä–≤–∏—Å –ø–æ–º–æ–∂–µ—Ç –∏–º –Ω–∞–π—Ç–∏ –ª—é–¥–µ–π, –∫–æ—Ç–æ—Ä—ã–µ —Å–º–æ–≥—É—Ç —Ä–∞–∑—Ä–∞–±–æ—Ç–∞—Ç—å —Ç–∞–∫–∏–µ –∞–ª–≥–æ—Ä–∏—Ç–º—ã –º–∞—à–∏–Ω–Ω–æ–≥–æ –æ–±—É—á–µ–Ω–∏—è, –∫–æ—Ç–æ—Ä—ã–µ –∫–∞–∫ —Ä–∞–∑ —Ç–∞–∫–∏ —É–≤–µ–ª–∏—á–∞—Ç –∏—Ö –ø–æ–∫–∞–∑–∞—Ç–µ–ª–∏, –Ω–µ –æ–±—Ä–∞—â–∞—è—Å—å –∫ –∫—Ä—É–ø–Ω—ã–º –∫–æ–º–ø–∞–Ω–∏—è–º –∏ –Ω–µ –æ—Ç–¥–∞–≤–∞—è –æ–≥—Ä–æ–º–Ω—ã–µ –¥–µ–Ω—å–≥–∏ –Ω–∞ —ç—Ç–æ –∏–ª–∏ –Ω–∞ –Ω–∞–π–º –≤—ã—Å–æ–∫–æ–∫–≤–∞–ª–∏—Ñ–∏—Ü–∏—Ä–æ–≤–∞–Ω–Ω—ã—Ö —Å–ø–µ—Ü–∏–∞–ª–∏—Å—Ç–æ–≤. 

–ö–µ–º –≤ –¥–∞–Ω–Ω–æ–º —Å–ª—É—á–∞–µ –º–æ–∂–µ–º –≤—ã—Å—Ç—É–ø–∞—Ç—å –º—ã?
–î–ª—è –∫–æ–º–ø–∞–Ω–∏–π:
–ú—ã –º–æ–∂–µ–º –±—ã—Ç—å —Ç–µ–º–∏, –∫—Ç–æ –ø—Ä–æ–∞–Ω–∞–ª–∏–∑–∏—Ä—É–µ—Ç —Ä–∞–±–æ—Ç—É —Ç–æ–π –∏–ª–∏ –∏–Ω–æ–π –∫–æ–º–ø–∞–Ω–∏–∏, –∏ –ø—Ä–µ–¥–ª–æ–∂–∏—Ç –∏–¥–µ–∏ –¥–ª—è —É–ª—É—á—à–µ–Ω–∏—è –µ–µ —Ä–∞–±–æ—Ç—ã –º–µ—Ç–æ–¥–∞–º–∏ –º–∞—à–∏–Ω–Ω–æ–≥–æ –æ–±—É—á–µ–Ω–∏—è –∏ –≤–Ω–µ–¥—Ä–µ–Ω–∏—è –Ω–µ–π—Ä–æ–Ω–Ω—ã—Ö —Å–µ—Ç–µ–π. 
–î–ª—è –Ω–∞—á–∏–Ω–∞—é—â–∏—Ö —Å–ø–µ—Ü–∏–∞–ª–∏—Å—Ç–æ–≤ Data Science:
–ú—ã –ø–æ–º–æ–∂–µ–º —ç—Ç–∏–º —Ä–µ–±—è—Ç–∞–º –Ω–∞–π—Ç–∏ –æ–ø—ã—Ç –≤ –¥–∞–Ω–Ω–æ–π –ø—Ä–æ—Ñ–µ—Å—Å–∏–∏, –Ω–∞–ø—Ä–∞–≤–∏–≤ –∏—Ö –≤ –Ω—É–∂–Ω–æ–µ —Ä—É—Å–ª–æ, —É–∫–∞–∑–∞–≤ –∏–º, —á—Ç–æ —Ç—Ä–µ–±—É–µ—Ç—Å—è —Ç–æ–π –∏–ª–∏ –∏–Ω–æ–π –∫–æ–º–ø–∞–Ω–∏–∏, –∞ –∏–º–µ–Ω–Ω–æ, –∫–∞–∫–∏–µ –¥–∞–Ω–Ω—ã–µ –ø–æ—Ç—Ä–µ–±—É—é—Ç—Å—è, –∫–∞–∫ –∏—Ö –ø—Ä–∞–≤–∏–ª—å–Ω–æ –æ–±—Ä–∞–±–æ—Ç–∞—Ç—å, –∫–∞–∫–æ–π –∞–ª–≥–æ—Ä–∏—Ç–º –ø–æ—Å—Ç—Ä–æ–∏—Ç—å. 

–í –∫–æ–Ω–µ—á–Ω–æ–º –∏—Ç–æ–≥–µ, –ø–æ—Å–ª–µ –≤—Å–µ—Ö –≤—ã—à–µ –¥–µ–π—Å—Ç–≤–∏–π, –º—ã —Ç–∞–∫–∂–µ –≤–∫–ª—é—á–∏–º—Å—è —Ä–∞–±–æ—Ç—É, –∫–æ–≥–¥–∞ –Ω–µ–æ–±—Ö–æ–¥–∏–º–æ –±—É–¥–µ—Ç –≤–Ω–µ–¥—Ä–∏—Ç—å –º–æ–¥–µ–ª—å, —Å–æ–∑–¥–∞–Ω–Ω—É—é –¥–∞—Ç–∞ —Å–∞–Ω—Ç–∏—Å—Ç–æ–º, –≤ —Ç—É –∫–æ–º–ø–∞–Ω–∏—é, –¥–ª—è –∫–æ—Ç–æ—Ä–æ–π –æ–Ω–∞ —Ä–∞–∑—Ä–∞–±–∞—Ç—ã–≤–∞–ª–∞—Å—å.
–ñ–¥—É –í–∞—à–∏—Ö –∫–æ–º–º–µ–Ω—Ç–∞—Ä–∏–µ–≤)"
–û–∫–µ–π,–¢–∞–º –≤ —Ç–µ–∫—Å—Ç–æ–≤—ã–π –¥–æ–∫—É–º–µ–Ω—Ç –Ω–∞–ø–∏—à–∏—Ç–µ –ß –¥–æ–±–∞–≤–∏–ª–∏ –±—ã –∏–ª–∏ –ß –≤—â –º–æ–∂–Ω–æ —Å–¥–µ–ª–∞—Ç—å,"–ú–Ω–µ –Ω–µ–±–æ–ª—å—à–∞—è –∏–¥–µ—è –ø—Ä–∏—à–ª–∞
–Ø –µ–µ –Ω–∞–ø–∏—Å–∞–ª –≤ —Ç–µ–∫—Å—Ç–æ–≤—ã–π —Ñ–∞–π–ª –Ω–∞ –¥–∏—Å–∫–µ
–ü–µ—Ä–µ—Å—ã–ª–∞—é —Å—é–¥–∞
–ö–∞–∫ –∏–¥–µ—è:
–í–µ–±-—Å–µ—Ä–≤–∏—Å, –∫–æ—Ç–æ—Ä—ã–π –æ–±—ä–µ–¥–∏–Ω—è–µ—Ç –Ω–∞—á–∏–Ω–∞—é—â–∏—Ö –¥–∞—Ç–∞ —Å–∞–Ω—Ç–∏—Å—Ç–æ–≤ –∏ –º–∞–ª—ã–µ –ø—Ä–µ–¥–ø—Ä–∏—è—Ç–∏—è. 

–ü—Ä–æ–±–ª–µ–º–∞:
1. –ï—Å—Ç—å –Ω–∞—á–∏–Ω–∞—é—â–∏–µ, –∏–ª–∏ –ø—Ä–æ—Å—Ç–æ –¥–∞—Ç–∞ —Å–∞–Ω—Ç–∏—Å—Ç—ã, –∫–æ—Ç–æ—Ä—ã–µ –¥–∞–Ω–Ω—ã–µ –º–æ–º–µ–Ω—Ç –Ω–∞—Ö–æ–¥—è—Ç—Å—è –≤ –ø–æ–ª–æ–∂–µ–Ω–∏–∏, –≤ –∫–æ—Ç–æ—Ä–æ–º –Ω–µ –º–æ–≥—É—Ç –Ω–∞–π—Ç–∏ –∫–∞–∫ —Å–µ–±—è —Ä–µ–∞–ª–∏–∑–æ–≤–∞—Ç—å. –°–æ–æ—Ç–≤–µ—Ç—Å—Ç–≤–µ–Ω–Ω–æ, –Ω–∞—à –≤–µ–± —Å–µ—Ä–≤–∏—Å –ø–æ–º–æ–∂–µ—Ç –∏–º –Ω–∞–π—Ç–∏ –Ω—É–∂–Ω—ã—Ö –∫–ª–∏–µ–Ω—Ç–æ–≤, –æ–¥–Ω–æ–≤—Ä–µ–º–µ–Ω–Ω–æ –Ω–∞–π–¥—è –∏–º –ø–µ—Ä–≤—ã–π –æ–ø—ã—Ç —Ä–∞–±–æ—Ç—ã, –∫–æ—Ç–æ—Ä—ã–π —Ç–∞–∫ –Ω–µ —Ö–≤–∞—Ç–∞–µ—Ç –≤ –Ω–∞—à–µ –≤—Ä–µ–º—è. 
2. –ï—Å—Ç—å –º–∞–ª—ã–µ –ø—Ä–µ–¥–ø—Ä–∏—è—Ç–∏—è, –∫–æ—Ç–æ—Ä—ã–µ –≤ –ø–æ–∏—Å–∫–∞—Ö –º–µ—Ç–æ–¥–æ–≤ –∏ –∏–¥–µ–π, –∫–æ—Ç–æ—Ä—ã–µ —É–ª—É—á—à–∞—Ç –∏, —Å–æ–æ—Ç–≤–µ—Ç—Å—Ç–≤–µ–Ω–Ω–æ, —É–≤–µ–ª–∏—á–∞—Ç –∏—Ö –ø—Ä–∏–±—ã–ª—å –∏ –∫–æ–Ω–∫—É—Ä–µ–Ω—Ç–æ—Å–ø–æ—Å–æ–±–Ω–æ—Å—Ç—å –Ω–∞ —Ä—ã–Ω–∫–µ. –°–æ–æ—Ç–≤–µ—Ç—Å—Ç–≤–µ–Ω–Ω–æ, –Ω–∞—à –≤–µ–± —Å–µ—Ä–≤–∏—Å –ø–æ–º–æ–∂–µ—Ç –∏–º –Ω–∞–π—Ç–∏ –ª—é–¥–µ–π, –∫–æ—Ç–æ—Ä—ã–µ —Å–º–æ–≥—É—Ç —Ä–∞–∑—Ä–∞–±–æ—Ç–∞—Ç—å —Ç–∞–∫–∏–µ –∞–ª–≥–æ—Ä–∏—Ç–º—ã –º–∞—à–∏–Ω–Ω–æ–≥–æ –æ–±—É—á–µ–Ω–∏—è, –∫–æ—Ç–æ—Ä—ã–µ –∫–∞–∫ —Ä–∞–∑ —Ç–∞–∫–∏ —É–≤–µ–ª–∏—á–∞—Ç –∏—Ö –ø–æ–∫–∞–∑–∞—Ç–µ–ª–∏, –Ω–µ –æ–±—Ä–∞—â–∞—è—Å—å –∫ –∫—Ä—É–ø–Ω—ã–º –∫–æ–º–ø–∞–Ω–∏—è–º –∏ –Ω–µ –æ—Ç–¥–∞–≤–∞—è –æ–≥—Ä–æ–º–Ω—ã–µ –¥–µ–Ω—å–≥–∏ –Ω–∞ —ç—Ç–æ –∏–ª–∏ –Ω–∞ –Ω–∞–π–º –≤—ã—Å–æ–∫–æ–∫–≤–∞–ª–∏—Ñ–∏—Ü–∏—Ä–æ–≤–∞–Ω–Ω—ã—Ö —Å–ø–µ—Ü–∏–∞–ª–∏—Å—Ç–æ–≤. 

–ö–µ–º –≤ –¥–∞–Ω–Ω–æ–º —Å–ª—É—á–∞–µ –º–æ–∂–µ–º –≤—ã—Å—Ç—É–ø–∞—Ç—å –º—ã?
–î–ª—è –∫–æ–º–ø–∞–Ω–∏–π:
–ú—ã –º–æ–∂–µ–º –±—ã—Ç—å —Ç–µ–º–∏, –∫—Ç–æ –ø—Ä–æ–∞–Ω–∞–ª–∏–∑–∏—Ä—É–µ—Ç —Ä–∞–±–æ—Ç—É —Ç–æ–π –∏–ª–∏ –∏–Ω–æ–π –∫–æ–º–ø–∞–Ω–∏–∏, –∏ –ø—Ä–µ–¥–ª–æ–∂–∏—Ç –∏–¥–µ–∏ –¥–ª—è —É–ª—É—á—à–µ–Ω–∏—è –µ–µ —Ä–∞–±–æ—Ç—ã –º–µ—Ç–æ–¥–∞–º–∏ –º–∞—à–∏–Ω–Ω–æ–≥–æ –æ–±—É—á–µ–Ω–∏—è –∏ –≤–Ω–µ–¥—Ä–µ–Ω–∏—è –Ω–µ–π—Ä–æ–Ω–Ω—ã—Ö —Å–µ—Ç–µ–π. 
–î–ª—è –Ω–∞—á–∏–Ω–∞—é—â–∏—Ö —Å–ø–µ—Ü–∏–∞–ª–∏—Å—Ç–æ–≤ Data Science:
–ú—ã –ø–æ–º–æ–∂–µ–º —ç—Ç–∏–º —Ä–µ–±—è—Ç–∞–º –Ω–∞–π—Ç–∏ –æ–ø—ã—Ç –≤ –¥–∞–Ω–Ω–æ–π –ø—Ä–æ—Ñ–µ—Å—Å–∏–∏, –Ω–∞–ø—Ä–∞–≤–∏–≤ –∏—Ö –≤ –Ω—É–∂–Ω–æ–µ —Ä—É—Å–ª–æ, —É–∫–∞–∑–∞–≤ –∏–º, —á—Ç–æ —Ç—Ä–µ–±—É–µ—Ç—Å—è —Ç–æ–π –∏–ª–∏ –∏–Ω–æ–π –∫–æ–º–ø–∞–Ω–∏–∏, –∞ –∏–º–µ–Ω–Ω–æ, –∫–∞–∫–∏–µ –¥–∞–Ω–Ω—ã–µ –ø–æ—Ç—Ä–µ–±—É—é—Ç—Å—è, –∫–∞–∫ –∏—Ö –ø—Ä–∞–≤–∏–ª—å–Ω–æ –æ–±—Ä–∞–±–æ—Ç–∞—Ç—å, –∫–∞–∫–æ–π –∞–ª–≥–æ—Ä–∏—Ç–º –ø–æ—Å—Ç—Ä–æ–∏—Ç—å. 

–í –∫–æ–Ω–µ—á–Ω–æ–º –∏—Ç–æ–≥–µ, –ø–æ—Å–ª–µ –≤—Å–µ—Ö –≤—ã—à–µ –¥–µ–π—Å—Ç–≤–∏–π, –º—ã —Ç–∞–∫–∂–µ –≤–∫–ª—é—á–∏–º—Å—è —Ä–∞–±–æ—Ç—É, –∫–æ–≥–¥–∞ –Ω–µ–æ–±—Ö–æ–¥–∏–º–æ –±—É–¥–µ—Ç –≤–Ω–µ–¥—Ä–∏—Ç—å –º–æ–¥–µ–ª—å, —Å–æ–∑–¥–∞–Ω–Ω—É—é –¥–∞—Ç–∞ —Å–∞–Ω—Ç–∏—Å—Ç–æ–º, –≤ —Ç—É –∫–æ–º–ø–∞–Ω–∏—é, –¥–ª—è –∫–æ—Ç–æ—Ä–æ–π –æ–Ω–∞ —Ä–∞–∑—Ä–∞–±–∞—Ç—ã–≤–∞–ª–∞—Å—å.
–ñ–¥—É –í–∞—à–∏—Ö –∫–æ–º–º–µ–Ω—Ç–∞—Ä–∏–µ–≤)",–ê –∑–∞ —Å—á–µ—Ç —á–µ–≥–æ –¥–æ—Ö–æ–¥ –±—É–¥–µ—Ç ?
–¢–∞–º –≤ —Ç–µ–∫—Å—Ç–æ–≤—ã–π –¥–æ–∫—É–º–µ–Ω—Ç –Ω–∞–ø–∏—à–∏—Ç–µ –ß –¥–æ–±–∞–≤–∏–ª–∏ –±—ã –∏–ª–∏ –ß –≤—â –º–æ–∂–Ω–æ —Å–¥–µ–ª–∞—Ç—å,"–ú–Ω–µ –Ω–µ–±–æ–ª—å—à–∞—è –∏–¥–µ—è –ø—Ä–∏—à–ª–∞
–Ø –µ–µ –Ω–∞–ø–∏—Å–∞–ª –≤ —Ç–µ–∫—Å—Ç–æ–≤—ã–π —Ñ–∞–π–ª –Ω–∞ –¥–∏—Å–∫–µ
–ü–µ—Ä–µ—Å—ã–ª–∞—é —Å—é–¥–∞
–ö–∞–∫ –∏–¥–µ—è:
–í–µ–±-—Å–µ—Ä–≤–∏—Å, –∫–æ—Ç–æ—Ä—ã–π –æ–±—ä–µ–¥–∏–Ω—è–µ—Ç –Ω–∞—á–∏–Ω–∞—é—â–∏—Ö –¥–∞—Ç–∞ —Å–∞–Ω—Ç–∏—Å—Ç–æ–≤ –∏ –º–∞–ª—ã–µ –ø—Ä–µ–¥–ø—Ä–∏—è—Ç–∏—è. 

–ü—Ä–æ–±–ª–µ–º–∞:
1. –ï—Å—Ç—å –Ω–∞—á–∏–Ω–∞—é—â–∏–µ, –∏–ª–∏ –ø—Ä–æ—Å—Ç–æ –¥–∞—Ç–∞ —Å–∞–Ω—Ç–∏—Å—Ç—ã, –∫–æ—Ç–æ—Ä—ã–µ –¥–∞–Ω–Ω—ã–µ –º–æ–º–µ–Ω—Ç –Ω–∞—Ö–æ–¥—è—Ç—Å—è –≤ –ø–æ–ª–æ–∂–µ–Ω–∏–∏, –≤ –∫–æ—Ç–æ—Ä–æ–º –Ω–µ –º–æ–≥—É—Ç –Ω–∞–π—Ç–∏ –∫–∞–∫ —Å–µ–±—è —Ä–µ–∞–ª–∏–∑–æ–≤–∞—Ç—å. –°–æ–æ—Ç–≤–µ—Ç—Å—Ç–≤–µ–Ω–Ω–æ, –Ω–∞—à –≤–µ–± —Å–µ—Ä–≤–∏—Å –ø–æ–º–æ–∂–µ—Ç –∏–º –Ω–∞–π—Ç–∏ –Ω—É–∂–Ω—ã—Ö –∫–ª–∏–µ–Ω—Ç–æ–≤, –æ–¥–Ω–æ–≤—Ä–µ–º–µ–Ω–Ω–æ –Ω–∞–π–¥—è –∏–º –ø–µ—Ä–≤—ã–π –æ–ø—ã—Ç —Ä–∞–±–æ—Ç—ã, –∫–æ—Ç–æ—Ä—ã–π —Ç–∞–∫ –Ω–µ —Ö–≤–∞—Ç–∞–µ—Ç –≤ –Ω–∞—à–µ –≤—Ä–µ–º—è. 
2. –ï—Å—Ç—å –º–∞–ª—ã–µ –ø—Ä–µ–¥–ø—Ä–∏—è—Ç–∏—è, –∫–æ—Ç–æ—Ä—ã–µ –≤ –ø–æ–∏—Å–∫–∞—Ö –º–µ—Ç–æ–¥–æ–≤ –∏ –∏–¥–µ–π, –∫–æ—Ç–æ—Ä—ã–µ —É–ª—É—á—à–∞—Ç –∏, —Å–æ–æ—Ç–≤–µ—Ç—Å—Ç–≤–µ–Ω–Ω–æ, —É–≤–µ–ª–∏—á–∞—Ç –∏—Ö –ø—Ä–∏–±—ã–ª—å –∏ –∫–æ–Ω–∫—É—Ä–µ–Ω—Ç–æ—Å–ø–æ—Å–æ–±–Ω–æ—Å—Ç—å –Ω–∞ —Ä—ã–Ω–∫–µ. –°–æ–æ—Ç–≤–µ—Ç—Å—Ç–≤–µ–Ω–Ω–æ, –Ω–∞—à –≤–µ–± —Å–µ—Ä–≤–∏—Å –ø–æ–º–æ–∂–µ—Ç –∏–º –Ω–∞–π—Ç–∏ –ª—é–¥–µ–π, –∫–æ—Ç–æ—Ä—ã–µ —Å–º–æ–≥—É—Ç —Ä–∞–∑—Ä–∞–±–æ—Ç–∞—Ç—å —Ç–∞–∫–∏–µ –∞–ª–≥–æ—Ä–∏—Ç–º—ã –º–∞—à–∏–Ω–Ω–æ–≥–æ –æ–±—É—á–µ–Ω–∏—è, –∫–æ—Ç–æ—Ä—ã–µ –∫–∞–∫ —Ä–∞–∑ —Ç–∞–∫–∏ —É–≤–µ–ª–∏—á–∞—Ç –∏—Ö –ø–æ–∫–∞–∑–∞—Ç–µ–ª–∏, –Ω–µ –æ–±—Ä–∞—â–∞—è—Å—å –∫ –∫—Ä—É–ø–Ω—ã–º –∫–æ–º–ø–∞–Ω–∏—è–º –∏ –Ω–µ –æ—Ç–¥–∞–≤–∞—è –æ–≥—Ä–æ–º–Ω—ã–µ –¥–µ–Ω—å–≥–∏ –Ω–∞ —ç—Ç–æ –∏–ª–∏ –Ω–∞ –Ω–∞–π–º –≤—ã—Å–æ–∫–æ–∫–≤–∞–ª–∏—Ñ–∏—Ü–∏—Ä–æ–≤–∞–Ω–Ω—ã—Ö —Å–ø–µ—Ü–∏–∞–ª–∏—Å—Ç–æ–≤. 

–ö–µ–º –≤ –¥–∞–Ω–Ω–æ–º —Å–ª—É—á–∞–µ –º–æ–∂–µ–º –≤—ã—Å—Ç—É–ø–∞—Ç—å –º—ã?
–î–ª—è –∫–æ–º–ø–∞–Ω–∏–π:
–ú—ã –º–æ–∂–µ–º –±—ã—Ç—å —Ç–µ–º–∏, –∫—Ç–æ –ø—Ä–æ–∞–Ω–∞–ª–∏–∑–∏—Ä—É–µ—Ç —Ä–∞–±–æ—Ç—É —Ç–æ–π –∏–ª–∏ –∏–Ω–æ–π –∫–æ–º–ø–∞–Ω–∏–∏, –∏ –ø—Ä–µ–¥–ª–æ–∂–∏—Ç –∏–¥–µ–∏ –¥–ª—è —É–ª—É—á—à–µ–Ω–∏—è –µ–µ —Ä–∞–±–æ—Ç—ã –º–µ—Ç–æ–¥–∞–º–∏ –º–∞—à–∏–Ω–Ω–æ–≥–æ –æ–±—É—á–µ–Ω–∏—è –∏ –≤–Ω–µ–¥—Ä–µ–Ω–∏—è –Ω–µ–π—Ä–æ–Ω–Ω—ã—Ö —Å–µ—Ç–µ–π. 
–î–ª—è –Ω–∞—á–∏–Ω–∞—é—â–∏—Ö —Å–ø–µ—Ü–∏–∞–ª–∏—Å—Ç–æ–≤ Data Science:
–ú—ã –ø–æ–º–æ–∂–µ–º —ç—Ç–∏–º —Ä–µ–±—è—Ç–∞–º –Ω–∞–π—Ç–∏ –æ–ø—ã—Ç –≤ –¥–∞–Ω–Ω–æ–π –ø—Ä–æ—Ñ–µ—Å—Å–∏–∏, –Ω–∞–ø—Ä–∞–≤–∏–≤ –∏—Ö –≤ –Ω—É–∂–Ω–æ–µ —Ä—É—Å–ª–æ, —É–∫–∞–∑–∞–≤ –∏–º, —á—Ç–æ —Ç—Ä–µ–±—É–µ—Ç—Å—è —Ç–æ–π –∏–ª–∏ –∏–Ω–æ–π –∫–æ–º–ø–∞–Ω–∏–∏, –∞ –∏–º–µ–Ω–Ω–æ, –∫–∞–∫–∏–µ –¥–∞–Ω–Ω—ã–µ –ø–æ—Ç—Ä–µ–±—É—é—Ç—Å—è, –∫–∞–∫ –∏—Ö –ø—Ä–∞–≤–∏–ª—å–Ω–æ –æ–±—Ä–∞–±–æ—Ç–∞—Ç—å, –∫–∞–∫–æ–π –∞–ª–≥–æ—Ä–∏—Ç–º –ø–æ—Å—Ç—Ä–æ–∏—Ç—å. 

–í –∫–æ–Ω–µ—á–Ω–æ–º –∏—Ç–æ–≥–µ, –ø–æ—Å–ª–µ –≤—Å–µ—Ö –≤—ã—à–µ –¥–µ–π—Å—Ç–≤–∏–π, –º—ã —Ç–∞–∫–∂–µ –≤–∫–ª—é—á–∏–º—Å—è —Ä–∞–±–æ—Ç—É, –∫–æ–≥–¥–∞ –Ω–µ–æ–±—Ö–æ–¥–∏–º–æ –±—É–¥–µ—Ç –≤–Ω–µ–¥—Ä–∏—Ç—å –º–æ–¥–µ–ª—å, —Å–æ–∑–¥–∞–Ω–Ω—É—é –¥–∞—Ç–∞ —Å–∞–Ω—Ç–∏—Å—Ç–æ–º, –≤ —Ç—É –∫–æ–º–ø–∞–Ω–∏—é, –¥–ª—è –∫–æ—Ç–æ—Ä–æ–π –æ–Ω–∞ —Ä–∞–∑—Ä–∞–±–∞—Ç—ã–≤–∞–ª–∞—Å—å.
–ñ–¥—É –í–∞—à–∏—Ö –∫–æ–º–º–µ–Ω—Ç–∞—Ä–∏–µ–≤)",–ê –∑–∞ —Å—á–µ—Ç —á–µ–≥–æ –¥–æ—Ö–æ–¥ –±—É–¥–µ—Ç ?,"–ö–æ–º–ø–∞–Ω–∏–∏ –±—É–¥—É—Ç –ø–ª–∞—Ç–∏—Ç—å
–õ–∏–±–æ –º–æ–∂–Ω–æ —Ç–∞–∫–∂–µ –ø–ª–∞—Ç–∏—Ç—å —Å–∞–Ω—Ç–∏—Å—Ç–∞–º –∏ –æ—Ç —Ç—É–¥–∞ –±—Ä–∞—Ç—å –ø—Ä–æ—Ü–µ–Ω—Ç"
"–ú–Ω–µ –Ω–µ–±–æ–ª—å—à–∞—è –∏–¥–µ—è –ø—Ä–∏—à–ª–∞
–Ø –µ–µ –Ω–∞–ø–∏—Å–∞–ª –≤ —Ç–µ–∫—Å—Ç–æ–≤—ã–π —Ñ–∞–π–ª –Ω–∞ –¥–∏—Å–∫–µ
–ü–µ—Ä–µ—Å—ã–ª–∞—é —Å—é–¥–∞
–ö–∞–∫ –∏–¥–µ—è:
–í–µ–±-—Å–µ—Ä–≤–∏—Å, –∫–æ—Ç–æ—Ä—ã–π –æ–±—ä–µ–¥–∏–Ω—è–µ—Ç –Ω–∞—á–∏–Ω–∞—é—â–∏—Ö –¥–∞—Ç–∞ —Å–∞–Ω—Ç–∏—Å—Ç–æ–≤ –∏ –º–∞–ª—ã–µ –ø—Ä–µ–¥–ø—Ä–∏—è—Ç–∏—è. 

–ü—Ä–æ–±–ª–µ–º–∞:
1. –ï—Å—Ç—å –Ω–∞—á–∏–Ω–∞—é—â–∏–µ, –∏–ª–∏ –ø—Ä–æ—Å—Ç–æ –¥–∞—Ç–∞ —Å–∞–Ω—Ç–∏—Å—Ç—ã, –∫–æ—Ç–æ—Ä—ã–µ –¥–∞–Ω–Ω—ã–µ –º–æ–º–µ–Ω—Ç –Ω–∞—Ö–æ–¥—è—Ç—Å—è –≤ –ø–æ–ª–æ–∂–µ–Ω–∏–∏, –≤ –∫–æ—Ç–æ—Ä–æ–º –Ω–µ –º–æ–≥—É—Ç –Ω–∞–π—Ç–∏ –∫–∞–∫ —Å–µ–±—è —Ä–µ–∞–ª–∏–∑–æ–≤–∞—Ç—å. –°–æ–æ—Ç–≤–µ—Ç—Å—Ç–≤–µ–Ω–Ω–æ, –Ω–∞—à –≤–µ–± —Å–µ—Ä–≤–∏—Å –ø–æ–º–æ–∂–µ—Ç –∏–º –Ω–∞–π—Ç–∏ –Ω—É–∂–Ω—ã—Ö –∫–ª–∏–µ–Ω—Ç–æ–≤, –æ–¥–Ω–æ–≤—Ä–µ–º–µ–Ω–Ω–æ –Ω–∞–π–¥—è –∏–º –ø–µ—Ä–≤—ã–π –æ–ø—ã—Ç —Ä–∞–±–æ—Ç—ã, –∫–æ—Ç–æ—Ä—ã–π —Ç–∞–∫ –Ω–µ —Ö–≤–∞—Ç–∞–µ—Ç –≤ –Ω–∞—à–µ –≤—Ä–µ–º—è. 
2. –ï—Å—Ç—å –º–∞–ª—ã–µ –ø—Ä–µ–¥–ø—Ä–∏—è—Ç–∏—è, –∫–æ—Ç–æ—Ä—ã–µ –≤ –ø–æ–∏—Å–∫–∞—Ö –º–µ—Ç–æ–¥–æ–≤ –∏ –∏–¥–µ–π, –∫–æ—Ç–æ—Ä—ã–µ —É–ª—É—á—à–∞—Ç –∏, —Å–æ–æ—Ç–≤–µ—Ç—Å—Ç–≤–µ–Ω–Ω–æ, —É–≤–µ–ª–∏—á–∞—Ç –∏—Ö –ø—Ä–∏–±—ã–ª—å –∏ –∫–æ–Ω–∫—É—Ä–µ–Ω—Ç–æ—Å–ø–æ—Å–æ–±–Ω–æ—Å—Ç—å –Ω–∞ —Ä—ã–Ω–∫–µ. –°–æ–æ—Ç–≤–µ—Ç—Å—Ç–≤–µ–Ω–Ω–æ, –Ω–∞—à –≤–µ–± —Å–µ—Ä–≤–∏—Å –ø–æ–º–æ–∂–µ—Ç –∏–º –Ω–∞–π—Ç–∏ –ª—é–¥–µ–π, –∫–æ—Ç–æ—Ä—ã–µ —Å–º–æ–≥—É—Ç —Ä–∞–∑—Ä–∞–±–æ—Ç–∞—Ç—å —Ç–∞–∫–∏–µ –∞–ª–≥–æ—Ä–∏—Ç–º—ã –º–∞—à–∏–Ω–Ω–æ–≥–æ –æ–±—É—á–µ–Ω–∏—è, –∫–æ—Ç–æ—Ä—ã–µ –∫–∞–∫ —Ä–∞–∑ —Ç–∞–∫–∏ —É–≤–µ–ª–∏—á–∞—Ç –∏—Ö –ø–æ–∫–∞–∑–∞—Ç–µ–ª–∏, –Ω–µ –æ–±—Ä–∞—â–∞—è—Å—å –∫ –∫—Ä—É–ø–Ω—ã–º –∫–æ–º–ø–∞–Ω–∏—è–º –∏ –Ω–µ –æ—Ç–¥–∞–≤–∞—è –æ–≥—Ä–æ–º–Ω—ã–µ –¥–µ–Ω—å–≥–∏ –Ω–∞ —ç—Ç–æ –∏–ª–∏ –Ω–∞ –Ω–∞–π–º –≤—ã—Å–æ–∫–æ–∫–≤–∞–ª–∏—Ñ–∏—Ü–∏—Ä–æ–≤–∞–Ω–Ω—ã—Ö —Å–ø–µ—Ü–∏–∞–ª–∏—Å—Ç–æ–≤. 

–ö–µ–º –≤ –¥–∞–Ω–Ω–æ–º —Å–ª—É—á–∞–µ –º–æ–∂–µ–º –≤—ã—Å—Ç—É–ø–∞—Ç—å –º—ã?
–î–ª—è –∫–æ–º–ø–∞–Ω–∏–π:
–ú—ã –º–æ–∂–µ–º –±—ã—Ç—å —Ç–µ–º–∏, –∫—Ç–æ –ø—Ä–æ–∞–Ω–∞–ª–∏–∑–∏—Ä—É–µ—Ç —Ä–∞–±–æ—Ç—É —Ç–æ–π –∏–ª–∏ –∏–Ω–æ–π –∫–æ–º–ø–∞–Ω–∏–∏, –∏ –ø—Ä–µ–¥–ª–æ–∂–∏—Ç –∏–¥–µ–∏ –¥–ª—è —É–ª—É—á—à–µ–Ω–∏—è –µ–µ —Ä–∞–±–æ—Ç—ã –º–µ—Ç–æ–¥–∞–º–∏ –º–∞—à–∏–Ω–Ω–æ–≥–æ –æ–±—É—á–µ–Ω–∏—è –∏ –≤–Ω–µ–¥—Ä–µ–Ω–∏—è –Ω–µ–π—Ä–æ–Ω–Ω—ã—Ö —Å–µ—Ç–µ–π. 
–î–ª—è –Ω–∞—á–∏–Ω–∞—é—â–∏—Ö —Å–ø–µ—Ü–∏–∞–ª–∏—Å—Ç–æ–≤ Data Science:
–ú—ã –ø–æ–º–æ–∂–µ–º —ç—Ç–∏–º —Ä–µ–±—è—Ç–∞–º –Ω–∞–π—Ç–∏ –æ–ø—ã—Ç –≤ –¥–∞–Ω–Ω–æ–π –ø—Ä–æ—Ñ–µ—Å—Å–∏–∏, –Ω–∞–ø—Ä–∞–≤–∏–≤ –∏—Ö –≤ –Ω—É–∂–Ω–æ–µ —Ä—É—Å–ª–æ, —É–∫–∞–∑–∞–≤ –∏–º, —á—Ç–æ —Ç—Ä–µ–±—É–µ—Ç—Å—è —Ç–æ–π –∏–ª–∏ –∏–Ω–æ–π –∫–æ–º–ø–∞–Ω–∏–∏, –∞ –∏–º–µ–Ω–Ω–æ, –∫–∞–∫–∏–µ –¥–∞–Ω–Ω—ã–µ –ø–æ—Ç—Ä–µ–±—É—é—Ç—Å—è, –∫–∞–∫ –∏—Ö –ø—Ä–∞–≤–∏–ª—å–Ω–æ –æ–±—Ä–∞–±–æ—Ç–∞—Ç—å, –∫–∞–∫–æ–π –∞–ª–≥–æ—Ä–∏—Ç–º –ø–æ—Å—Ç—Ä–æ–∏—Ç—å. 

–í –∫–æ–Ω–µ—á–Ω–æ–º –∏—Ç–æ–≥–µ, –ø–æ—Å–ª–µ –≤—Å–µ—Ö –≤—ã—à–µ –¥–µ–π—Å—Ç–≤–∏–π, –º—ã —Ç–∞–∫–∂–µ –≤–∫–ª—é—á–∏–º—Å—è —Ä–∞–±–æ—Ç—É, –∫–æ–≥–¥–∞ –Ω–µ–æ–±—Ö–æ–¥–∏–º–æ –±—É–¥–µ—Ç –≤–Ω–µ–¥—Ä–∏—Ç—å –º–æ–¥–µ–ª—å, —Å–æ–∑–¥–∞–Ω–Ω—É—é –¥–∞—Ç–∞ —Å–∞–Ω—Ç–∏—Å—Ç–æ–º, –≤ —Ç—É –∫–æ–º–ø–∞–Ω–∏—é, –¥–ª—è –∫–æ—Ç–æ—Ä–æ–π –æ–Ω–∞ —Ä–∞–∑—Ä–∞–±–∞—Ç—ã–≤–∞–ª–∞—Å—å.
–ñ–¥—É –í–∞—à–∏—Ö –∫–æ–º–º–µ–Ω—Ç–∞—Ä–∏–µ–≤)",–ê –∑–∞ —Å—á–µ—Ç —á–µ–≥–æ –¥–æ—Ö–æ–¥ –±—É–¥–µ—Ç ?,"–ö–æ–º–ø–∞–Ω–∏–∏ –±—É–¥—É—Ç –ø–ª–∞—Ç–∏—Ç—å
–õ–∏–±–æ –º–æ–∂–Ω–æ —Ç–∞–∫–∂–µ –ø–ª–∞—Ç–∏—Ç—å —Å–∞–Ω—Ç–∏—Å—Ç–∞–º –∏ –æ—Ç —Ç—É–¥–∞ –±—Ä–∞—Ç—å –ø—Ä–æ—Ü–µ–Ω—Ç","–ê –º–æ–∂–µ—Ç –Ω–∞–º –ª—É—á—à–µ —Å–∞–Ω—Ç–∏—Å—Ç–æ–≤ –±—Ä–∞—Ç—å –∫–∞–∫ –±—ã –∫ —Å–µ–±–µ –ø–æ–¥ –∫—Ä—ã–ª–æ
–ò –º—ã –ø—Ä–æ–≤–æ–¥—è –∞–Ω–∞–ª–∏—Ç–∏–∫—É –∏ —Ç–¥ –∏ —Ç–ø
–í—ã–¥–∞–≤–∞—Ç—å –∏–º –∑–∞–∫–∞–∑—ã –Ω–∞ —Ç—É –∏–ª–∏ –∏–Ω—É—é –∫–æ–º–ø–∞–Ω–∏—é"
–ê –∑–∞ —Å—á–µ—Ç —á–µ–≥–æ –¥–æ—Ö–æ–¥ –±—É–¥–µ—Ç ?,"–ö–æ–º–ø–∞–Ω–∏–∏ –±—É–¥—É—Ç –ø–ª–∞—Ç–∏—Ç—å
–õ–∏–±–æ –º–æ–∂–Ω–æ —Ç–∞–∫–∂–µ –ø–ª–∞—Ç–∏—Ç—å —Å–∞–Ω—Ç–∏—Å—Ç–∞–º –∏ –æ—Ç —Ç—É–¥–∞ –±—Ä–∞—Ç—å –ø—Ä–æ—Ü–µ–Ω—Ç","–ê –º–æ–∂–µ—Ç –Ω–∞–º –ª—É—á—à–µ —Å–∞–Ω—Ç–∏—Å—Ç–æ–≤ –±—Ä–∞—Ç—å –∫–∞–∫ –±—ã –∫ —Å–µ–±–µ –ø–æ–¥ –∫—Ä—ã–ª–æ
–ò –º—ã –ø—Ä–æ–≤–æ–¥—è –∞–Ω–∞–ª–∏—Ç–∏–∫—É –∏ —Ç–¥ –∏ —Ç–ø
–í—ã–¥–∞–≤–∞—Ç—å –∏–º –∑–∞–∫–∞–∑—ã –Ω–∞ —Ç—É –∏–ª–∏ –∏–Ω—É—é –∫–æ–º–ø–∞–Ω–∏—é","–ù—É –¥–∞, –ø–æ —Å—É—Ç–∏ —Ç–æ–∂–µ —Å–∞–º–æ–µ
–¢–∏–ø –º—ã –∏—Ö –Ω–∞–ø—Ä–∞–≤–ª—è–µ–º –∏ –Ω–∞—Ö–æ–¥–∏–º –ø—Ä–∞–∫—Ç–∏–∫—É –≤—Å–µ —Ç–∞–∫–æ–µ"
"–ö–æ–º–ø–∞–Ω–∏–∏ –±—É–¥—É—Ç –ø–ª–∞—Ç–∏—Ç—å
–õ–∏–±–æ –º–æ–∂–Ω–æ —Ç–∞–∫–∂–µ –ø–ª–∞—Ç–∏—Ç—å —Å–∞–Ω—Ç–∏—Å—Ç–∞–º –∏ –æ—Ç —Ç—É–¥–∞ –±—Ä–∞—Ç—å –ø—Ä–æ—Ü–µ–Ω—Ç","–ê –º–æ–∂–µ—Ç –Ω–∞–º –ª—É—á—à–µ —Å–∞–Ω—Ç–∏—Å—Ç–æ–≤ –±—Ä–∞—Ç—å –∫–∞–∫ –±—ã –∫ —Å–µ–±–µ –ø–æ–¥ –∫—Ä—ã–ª–æ
–ò –º—ã –ø—Ä–æ–≤–æ–¥—è –∞–Ω–∞–ª–∏—Ç–∏–∫—É –∏ —Ç–¥ –∏ —Ç–ø
–í—ã–¥–∞–≤–∞—Ç—å –∏–º –∑–∞–∫–∞–∑—ã –Ω–∞ —Ç—É –∏–ª–∏ –∏–Ω—É—é –∫–æ–º–ø–∞–Ω–∏—é","–ù—É –¥–∞, –ø–æ —Å—É—Ç–∏ —Ç–æ–∂–µ —Å–∞–º–æ–µ
–¢–∏–ø –º—ã –∏—Ö –Ω–∞–ø—Ä–∞–≤–ª—è–µ–º –∏ –Ω–∞—Ö–æ–¥–∏–º –ø—Ä–∞–∫—Ç–∏–∫—É –≤—Å–µ —Ç–∞–∫–æ–µ",–ù–æ —Å–º–æ—Ç—Ä–∏
"–ê –º–æ–∂–µ—Ç –Ω–∞–º –ª—É—á—à–µ —Å–∞–Ω—Ç–∏—Å—Ç–æ–≤ –±—Ä–∞—Ç—å –∫–∞–∫ –±—ã –∫ —Å–µ–±–µ –ø–æ–¥ –∫—Ä—ã–ª–æ
–ò –º—ã –ø—Ä–æ–≤–æ–¥—è –∞–Ω–∞–ª–∏—Ç–∏–∫—É –∏ —Ç–¥ –∏ —Ç–ø
–í—ã–¥–∞–≤–∞—Ç—å –∏–º –∑–∞–∫–∞–∑—ã –Ω–∞ —Ç—É –∏–ª–∏ –∏–Ω—É—é –∫–æ–º–ø–∞–Ω–∏—é","–ù—É –¥–∞, –ø–æ —Å—É—Ç–∏ —Ç–æ–∂–µ —Å–∞–º–æ–µ
–¢–∏–ø –º—ã –∏—Ö –Ω–∞–ø—Ä–∞–≤–ª—è–µ–º –∏ –Ω–∞—Ö–æ–¥–∏–º –ø—Ä–∞–∫—Ç–∏–∫—É –≤—Å–µ —Ç–∞–∫–æ–µ",–ù–æ —Å–º–æ—Ç—Ä–∏,"–¢–æ –µ—Å—Ç—å –æ–±–ª–µ–≥—á–∞–µ–º –≤—Ö–æ–¥ –≤ —ç—Ç–æ –∏ —Å–æ–∑–¥–∞–µ–º –±–æ–ª—å—à–µ –∫–∞–¥—Ä–æ–≤
–í —Å–ª—É—á–∞–µ —á–µ–≥–æ —Å–∞–º–∏ —Ç–∞–∫–∂–µ –∑–∞–Ω–∏–º–∞–µ–º—Å—è —Ç–µ–º –∏–ª–∏ –∏–Ω—ã–º –∑–∞–∫–∞–∑–æ–º
–º–æ–∂–Ω–æ –¥–∞–∂–µ –Ω–µ –ø–æ 1 –∞ –∫–æ–º–∞–Ω–¥—ã –Ω–æ–≤–∏—á–∫–æ–≤ —Å–æ–±–∏—Ä–∞—Ç—å
–∏ —Ç–∏–ø –∫–∞–∂–¥–æ–π –∫–æ–º–∞–Ω–¥–µ –ø–æ —Ç–∏–º–ª–∏–¥—É –∏–∑ –Ω–∞—à–µ–π –∫–æ–º–∞–Ω–¥—ã"
"–ù—É –¥–∞, –ø–æ —Å—É—Ç–∏ —Ç–æ–∂–µ —Å–∞–º–æ–µ
–¢–∏–ø –º—ã –∏—Ö –Ω–∞–ø—Ä–∞–≤–ª—è–µ–º –∏ –Ω–∞—Ö–æ–¥–∏–º –ø—Ä–∞–∫—Ç–∏–∫—É –≤—Å–µ —Ç–∞–∫–æ–µ",–ù–æ —Å–º–æ—Ç—Ä–∏,"–¢–æ –µ—Å—Ç—å –æ–±–ª–µ–≥—á–∞–µ–º –≤—Ö–æ–¥ –≤ —ç—Ç–æ –∏ —Å–æ–∑–¥–∞–µ–º –±–æ–ª—å—à–µ –∫–∞–¥—Ä–æ–≤
–í —Å–ª—É—á–∞–µ —á–µ–≥–æ —Å–∞–º–∏ —Ç–∞–∫–∂–µ –∑–∞–Ω–∏–º–∞–µ–º—Å—è —Ç–µ–º –∏–ª–∏ –∏–Ω—ã–º –∑–∞–∫–∞–∑–æ–º
–º–æ–∂–Ω–æ –¥–∞–∂–µ –Ω–µ –ø–æ 1 –∞ –∫–æ–º–∞–Ω–¥—ã –Ω–æ–≤–∏—á–∫–æ–≤ —Å–æ–±–∏—Ä–∞—Ç—å
–∏ —Ç–∏–ø –∫–∞–∂–¥–æ–π –∫–æ–º–∞–Ω–¥–µ –ø–æ —Ç–∏–º–ª–∏–¥—É –∏–∑ –Ω–∞—à–µ–π –∫–æ–º–∞–Ω–¥—ã","–ï—Å–ª–∏ –º—ã –ø—Ä–æ—Å—Ç–æ –±—É–¥–µ–º –∏—Ö –Ω–∞–ø—Ä–∞–≤–ª—è—Ç—å
–≠—Ç–æ –±—É–¥–µ—Ç –Ω–µ —Ç–∞–∫ –ø—Ä–∏–±—ã–ª—å–Ω–æ
–ù–µ–∂–µ–ª–∏ –µ—Å–ª–∏ –º—ã –∏—Ö –±—É–¥–µ–º –±—Ä–∞—Ç—å –∫ —Å–µ–±–µ
–ò –≥—Ä—É–±–æ –≥–æ–≤–æ—Ä—è –±—É–¥–µ–º –¥–∞–≤–∞—Ç—å –ø—Ä–æ—Ü–µ–Ω—Ç –æ—Ç —Ä–∞–±–æ—Ç—ã
–ü–æ—Ç–æ–º—É —á—Ç–æ –≤ –Ω–∞—Å
–°–∞–º–∞—è –≥–ª–∞–≤–Ω–∞—è –∑–∞–¥–∞—á–∞ –¥–ª—è –≥—Ä–∞–Ω—Ç–∞
–ü–æ–∫–∞–∑–∞—Ç—å —á—Ç–æ –º—ã —Ä–µ–Ω—Ç–∞–±–µ–ª—å–Ω—ã
–ò –Ω–∞–º  –Ω—É–∂–Ω–æ –∫–∞–∫ –º–æ–∂–Ω–æ —ç—Ñ—Ñ–µ–∫—Ç–∏–≤–Ω–µ–µ –∫–æ–º–º–µ—Ä—Ü–∏–∞–ª–∏–∑–∏—Ä–æ–≤–∞—Ç—å –Ω–∞—à—É –∏–¥–µ—é"
–ù–æ —Å–º–æ—Ç—Ä–∏,"–¢–æ –µ—Å—Ç—å –æ–±–ª–µ–≥—á–∞–µ–º –≤—Ö–æ–¥ –≤ —ç—Ç–æ –∏ —Å–æ–∑–¥–∞–µ–º –±–æ–ª—å—à–µ –∫–∞–¥—Ä–æ–≤
–í —Å–ª—É—á–∞–µ —á–µ–≥–æ —Å–∞–º–∏ —Ç–∞–∫–∂–µ –∑–∞–Ω–∏–º–∞–µ–º—Å—è —Ç–µ–º –∏–ª–∏ –∏–Ω—ã–º –∑–∞–∫–∞–∑–æ–º
–º–æ–∂–Ω–æ –¥–∞–∂–µ –Ω–µ –ø–æ 1 –∞ –∫–æ–º–∞–Ω–¥—ã –Ω–æ–≤–∏—á–∫–æ–≤ —Å–æ–±–∏—Ä–∞—Ç—å
–∏ —Ç–∏–ø –∫–∞–∂–¥–æ–π –∫–æ–º–∞–Ω–¥–µ –ø–æ —Ç–∏–º–ª–∏–¥—É –∏–∑ –Ω–∞—à–µ–π –∫–æ–º–∞–Ω–¥—ã","–ï—Å–ª–∏ –º—ã –ø—Ä–æ—Å—Ç–æ –±—É–¥–µ–º –∏—Ö –Ω–∞–ø—Ä–∞–≤–ª—è—Ç—å
–≠—Ç–æ –±—É–¥–µ—Ç –Ω–µ —Ç–∞–∫ –ø—Ä–∏–±—ã–ª—å–Ω–æ
–ù–µ–∂–µ–ª–∏ –µ—Å–ª–∏ –º—ã –∏—Ö –±—É–¥–µ–º –±—Ä–∞—Ç—å –∫ —Å–µ–±–µ
–ò –≥—Ä—É–±–æ –≥–æ–≤–æ—Ä—è –±—É–¥–µ–º –¥–∞–≤–∞—Ç—å –ø—Ä–æ—Ü–µ–Ω—Ç –æ—Ç —Ä–∞–±–æ—Ç—ã
–ü–æ—Ç–æ–º—É —á—Ç–æ –≤ –Ω–∞—Å
–°–∞–º–∞—è –≥–ª–∞–≤–Ω–∞—è –∑–∞–¥–∞—á–∞ –¥–ª—è –≥—Ä–∞–Ω—Ç–∞
–ü–æ–∫–∞–∑–∞—Ç—å —á—Ç–æ –º—ã —Ä–µ–Ω—Ç–∞–±–µ–ª—å–Ω—ã
–ò –Ω–∞–º  –Ω—É–∂–Ω–æ –∫–∞–∫ –º–æ–∂–Ω–æ —ç—Ñ—Ñ–µ–∫—Ç–∏–≤–Ω–µ–µ –∫–æ–º–º–µ—Ä—Ü–∏–∞–ª–∏–∑–∏—Ä–æ–≤–∞—Ç—å –Ω–∞—à—É –∏–¥–µ—é","–ù—É –¥–∞, –ª–∏–±–æ –≤–æ—Ç —Ç–∞–∫ –¥–µ–ª–∞—Ç—å
–ö–∞–∫ —Ä–∞–∑ –Ω–∞–∑–≤–∞–Ω–∏–µ —Å –º–æ—Å—Ç–æ–º –ø–æ–¥—Ö–æ–¥–∏—Ç"
"–¢–æ –µ—Å—Ç—å –æ–±–ª–µ–≥—á–∞–µ–º –≤—Ö–æ–¥ –≤ —ç—Ç–æ –∏ —Å–æ–∑–¥–∞–µ–º –±–æ–ª—å—à–µ –∫–∞–¥—Ä–æ–≤
–í —Å–ª—É—á–∞–µ —á–µ–≥–æ —Å–∞–º–∏ —Ç–∞–∫–∂–µ –∑–∞–Ω–∏–º–∞–µ–º—Å—è —Ç–µ–º –∏–ª–∏ –∏–Ω—ã–º –∑–∞–∫–∞–∑–æ–º
–º–æ–∂–Ω–æ –¥–∞–∂–µ –Ω–µ –ø–æ 1 –∞ –∫–æ–º–∞–Ω–¥—ã –Ω–æ–≤–∏—á–∫–æ–≤ —Å–æ–±–∏—Ä–∞—Ç—å
–∏ —Ç–∏–ø –∫–∞–∂–¥–æ–π –∫–æ–º–∞–Ω–¥–µ –ø–æ —Ç–∏–º–ª–∏–¥—É –∏–∑ –Ω–∞—à–µ–π –∫–æ–º–∞–Ω–¥—ã","–ï—Å–ª–∏ –º—ã –ø—Ä–æ—Å—Ç–æ –±—É–¥–µ–º –∏—Ö –Ω–∞–ø—Ä–∞–≤–ª—è—Ç—å
–≠—Ç–æ –±—É–¥–µ—Ç –Ω–µ —Ç–∞–∫ –ø—Ä–∏–±—ã–ª—å–Ω–æ
–ù–µ–∂–µ–ª–∏ –µ—Å–ª–∏ –º—ã –∏—Ö –±—É–¥–µ–º –±—Ä–∞—Ç—å –∫ —Å–µ–±–µ
–ò –≥—Ä—É–±–æ –≥–æ–≤–æ—Ä—è –±—É–¥–µ–º –¥–∞–≤–∞—Ç—å –ø—Ä–æ—Ü–µ–Ω—Ç –æ—Ç —Ä–∞–±–æ—Ç—ã
–ü–æ—Ç–æ–º—É —á—Ç–æ –≤ –Ω–∞—Å
–°–∞–º–∞—è –≥–ª–∞–≤–Ω–∞—è –∑–∞–¥–∞—á–∞ –¥–ª—è –≥—Ä–∞–Ω—Ç–∞
–ü–æ–∫–∞–∑–∞—Ç—å —á—Ç–æ –º—ã —Ä–µ–Ω—Ç–∞–±–µ–ª—å–Ω—ã
–ò –Ω–∞–º  –Ω—É–∂–Ω–æ –∫–∞–∫ –º–æ–∂–Ω–æ —ç—Ñ—Ñ–µ–∫—Ç–∏–≤–Ω–µ–µ –∫–æ–º–º–µ—Ä—Ü–∏–∞–ª–∏–∑–∏—Ä–æ–≤–∞—Ç—å –Ω–∞—à—É –∏–¥–µ—é","–ù—É –¥–∞, –ª–∏–±–æ –≤–æ—Ç —Ç–∞–∫ –¥–µ–ª–∞—Ç—å
–ö–∞–∫ —Ä–∞–∑ –Ω–∞–∑–≤–∞–Ω–∏–µ —Å –º–æ—Å—Ç–æ–º –ø–æ–¥—Ö–æ–¥–∏—Ç","–ë–ª—è
–ï–±–∞—Ç—å –≥–µ–Ω–∏–∞–ª—å–Ω–æ
–ò —Å–∞–º–æ–µ –≥–µ–Ω–∏–∞–ª—å–Ω–æ–µ
–ß—Ç–æ –º—ã –≤ –±—É–¥—É—â–µ–º –º–æ–∂–µ–º —Å–∞–º–∏ –Ω–µ –∫–æ–¥–∏—Ç—å
–ê –ª–∏—à—å —É–ø—Ä–∞–≤–ª—è—Ç—å –ø—Ä–æ—Ü–µ—Å—Å–æ–º
–¢.–µ. —Å–ª–µ–¥–æ–≤–∞—Ç–µ–ª—å–Ω–æ –º–æ–∂–µ–º –∑–∞–Ω–∏–º–∞—Ç—å—Å—è –¥—Ä—É–≥–∏–º–∏ –ø—Ä–æ–µ–∫—Ç–∞–º–∏"
,,,–ù–∞–¥–æ –≤–æ –≤—Ç–æ—Ä–Ω–∏–∫ –æ–±—Å—É–¥–∏—Ç—å —Å –Ω–∏–º–∏ –≤—Å–µ —ç—Ç–æ
,,–ù–∞–¥–æ –≤–æ –≤—Ç–æ—Ä–Ω–∏–∫ –æ–±—Å—É–¥–∏—Ç—å —Å –Ω–∏–º–∏ –≤—Å–µ —ç—Ç–æ,–ù–∞–¥–æ –±—ã —Ç–æ–ª—å–∫–æ –ø—Ä–µ–∑—É –Ω–∞–∫–∏–¥–∞—Ç—å)
,,,"–î–∞, —Ç–æ –µ—Å—Ç—å –º–æ–∂–Ω–æ –Ω–µ —Ç–æ–ª—å–∫–æ —Ç–æ–≥–¥–∞ –¥–∞—Ç–∞ —Å–∞–Ω—Ç–∏—Å—Ç–æ–≤ –∞ –µ—â–µ –±—ç–∫–æ–≤ –Ω–∞—á–∏–Ω–∞—é—â–∏—Ö –∫–æ—Ç–æ—Ä—ã–µ –±—É–¥—É—Ç –∏–Ω—Ç–µ–≥—Ä–∏—Ä–æ–≤–∞—Ç—å —ç—Ç–æ –¥–µ–ª–æ
—Ç–æ –µ—Å—Ç—å –ø—Ä—è–º –∞–π—Ç–∏—à–Ω–∏–∫–æ–≤ —Ä–∞–∑–≤–∏–≤–∞—Ç—å
—Ä–∞–∑–Ω—ã—Ö —Å—Ñ–µ—Ä
–∏ –º–æ–±–∏–ª—å–Ω–∏–∫–æ–≤
–∏ –±—ç–∫–æ–≤
–∏ —Ñ—Ä–æ–Ω—Ç–æ–≤
–≤—Ä–æ–¥–µ –ø—Ä–∏–∫–æ–ª—å–∫–æ –∑–≤—É—á–∏—Ç
—Ç–∏–ø –∑–Ω–∞–µ—à—å, –ø—Ä–æ–±–ª–µ–º–∞ —á—Ç–æ –º–Ω–æ–≥–∏–µ –∫–æ–º–ø–∞–Ω–∏–∏ –≤—ã—Å–æ–∫–∏–µ –ø–ª–∞–Ω–∫–∏ —Å—Ç–∞–≤—è—Ç, –∞ –º—ã –ø—Ä—è–º —Å—Ä–∞–∑—É –ø—Ä–∞–∫—Ç–∏–∫—É –¥–∞–µ–º
–Ω—É –∏ –≤—ã–≤–æ–∑–∏–º –Ω–∞ —Ç–æ–º —á—Ç–æ —É –Ω–∞—Å –æ–ø—ã—Ç–∞ –∏ —Ç–∞–º –∏ —Ç–∞–º –¥–æ—Å—Ç–∞—Ç–æ—á–Ω–æ, –∏ –º–æ–∂–µ–º —Å–∞–º–∏ —Ä–µ—à–∞—Ç—å —ç—Ç–∏ –∑–∞–¥–∞—á–∏ –µ—Å–ª–∏ —É –Ω–∏—Ö –Ω–µ –ø–æ–ª—É—á–∞–µ—Ç—Å—è
–∫–∞–∫ —Å–æ—Ü–∏–∞–ª—å–Ω–∞—è –ø—Ä–æ–≥—Ä–∞–º–º–∞
–¥–ª—è —Ç–æ–ª—å–∫–æ –æ—Ç–∫—Ä—ã–≤—à–∏—Ö—Å—è –ø—Ä–µ–¥–ø—Ä–∏—è—Ç–∏–π –∏ –Ω–æ–≤–∏—á–∫–æ–≤ –≤ IT
–ê –∑–¥–µ—Å—å –∫–∞–∫ —Ä–∞–∑ –º–æ–∂–Ω–æ –ø–æ–ø—Ä–æ–±–æ–≤–∞—Ç—å –≤–Ω–µ–¥—Ä–∏—Ç—å –∏–¥–µ—é –∫–æ—Ç–æ—Ä—É—é —è –ø—Ä–µ–¥–ª–∞–≥–∞–ª —Å –∞–≤—Ç–æ–º–∞—Ç–∏—á–µ—Å–∫–∏–º –æ–±—É—á–µ–Ω–∏–µ–º
–¢–∏–ø–∞ –∏–º –Ω—É–∂–Ω–æ –±—É–¥–µ—Ç –ø—Ä–æ—Å—Ç–æ –Ω–∞ –∫–Ω–æ–ø–∫–∏ –Ω—É–∂–Ω—ã–µ –∂–∞—Ç—å –∏ —Ç–∏–ø –º–æ–¥–µ–ª—å –±—É–¥–µ—Ç —Å–∞–º–∞ —Å–æ–∑–¥–∞–≤–∞—Ç—å—Å—è 
–¢–æ –µ—Å—Ç—å –æ–Ω–∏ –∫–∞–∫ –±—ã —à–∞—Ä—è—Ç –ø—Ä–∏–º–µ—Ä–Ω–æ –∫–∞–∫ –Ω–∞—Å—Ç—Ä–æ–∏—Ç—å –Ω–∞–¥–æ, –Ω–æ –Ω–µ –Ω–∞—Å—Ç–æ–ª—å–∫–æ —Ç–æ–Ω–∫–æ —á—Ç–æ–±—ã –≤ –∫–æ–¥–µ, –∞ –º—ã –∫–∞–∫-–±—ã —É–ø—Ä–æ—â–∞–µ–º –∏–º —Ä–∞–±–æ—Ç—É –Ω–∞ —Ä–∞–Ω–Ω–∏—Ö —ç—Ç–∞–ø–∞—Ö
–ü–æ—Ç–æ–º —Ç–∏–ø —É–∂–µ –æ–Ω–∏ –Ω–∞ –∫–æ–¥ –±—É–¥—É—Ç –ø–µ—Ä–µ—Ö–æ–¥–∏—Ç—å
–ò –º—ã –∏—Ö —Ç–æ–∂–µ –º–æ–∂–µ–º –∫–æ–Ω—Å—É–ª—å—Ç–∏—Ä–æ–≤–∞—Ç—å
–ú–æ–∂–Ω–æ –∏ —Å –Ω–∏—Ö —Ç–æ–≥–¥–∞ –±—Ä–∞—Ç—å –¥–µ–Ω—å–≥–∏, —Ç–∏–ø–∞ —ç—Ç–æ —É–∂–µ –±—É–¥—É—Ç –∫–∞–∫-–±—É–¥—Ç–æ –∫—É—Ä—Å—ã, –Ω–æ –ø—Ä—è–º —É–∂–µ –Ω–∞ —Ä–µ–∞–ª—å–Ω—ã—Ö –∑–∞–¥–∞—á–∞—Ö 
–ù—É –∫–∞–∫ –∏–¥–µ—è"
,,"–î–∞, —Ç–æ –µ—Å—Ç—å –º–æ–∂–Ω–æ –Ω–µ —Ç–æ–ª—å–∫–æ —Ç–æ–≥–¥–∞ –¥–∞—Ç–∞ —Å–∞–Ω—Ç–∏—Å—Ç–æ–≤ –∞ –µ—â–µ –±—ç–∫–æ–≤ –Ω–∞—á–∏–Ω–∞—é—â–∏—Ö –∫–æ—Ç–æ—Ä—ã–µ –±—É–¥—É—Ç –∏–Ω—Ç–µ–≥—Ä–∏—Ä–æ–≤–∞—Ç—å —ç—Ç–æ –¥–µ–ª–æ
—Ç–æ –µ—Å—Ç—å –ø—Ä—è–º –∞–π—Ç–∏—à–Ω–∏–∫–æ–≤ —Ä–∞–∑–≤–∏–≤–∞—Ç—å
—Ä–∞–∑–Ω—ã—Ö —Å—Ñ–µ—Ä
–∏ –º–æ–±–∏–ª—å–Ω–∏–∫–æ–≤
–∏ –±—ç–∫–æ–≤
–∏ —Ñ—Ä–æ–Ω—Ç–æ–≤
–≤—Ä–æ–¥–µ –ø—Ä–∏–∫–æ–ª—å–∫–æ –∑–≤—É—á–∏—Ç
—Ç–∏–ø –∑–Ω–∞–µ—à—å, –ø—Ä–æ–±–ª–µ–º–∞ —á—Ç–æ –º–Ω–æ–≥–∏–µ –∫–æ–º–ø–∞–Ω–∏–∏ –≤—ã—Å–æ–∫–∏–µ –ø–ª–∞–Ω–∫–∏ —Å—Ç–∞–≤—è—Ç, –∞ –º—ã –ø—Ä—è–º —Å—Ä–∞–∑—É –ø—Ä–∞–∫—Ç–∏–∫—É –¥–∞–µ–º
–Ω—É –∏ –≤—ã–≤–æ–∑–∏–º –Ω–∞ —Ç–æ–º —á—Ç–æ —É –Ω–∞—Å –æ–ø—ã—Ç–∞ –∏ —Ç–∞–º –∏ —Ç–∞–º –¥–æ—Å—Ç–∞—Ç–æ—á–Ω–æ, –∏ –º–æ–∂–µ–º —Å–∞–º–∏ —Ä–µ—à–∞—Ç—å —ç—Ç–∏ –∑–∞–¥–∞—á–∏ –µ—Å–ª–∏ —É –Ω–∏—Ö –Ω–µ –ø–æ–ª—É—á–∞–µ—Ç—Å—è
–∫–∞–∫ —Å–æ—Ü–∏–∞–ª—å–Ω–∞—è –ø—Ä–æ–≥—Ä–∞–º–º–∞
–¥–ª—è —Ç–æ–ª—å–∫–æ –æ—Ç–∫—Ä—ã–≤—à–∏—Ö—Å—è –ø—Ä–µ–¥–ø—Ä–∏—è—Ç–∏–π –∏ –Ω–æ–≤–∏—á–∫–æ–≤ –≤ IT
–ê –∑–¥–µ—Å—å –∫–∞–∫ —Ä–∞–∑ –º–æ–∂–Ω–æ –ø–æ–ø—Ä–æ–±–æ–≤–∞—Ç—å –≤–Ω–µ–¥—Ä–∏—Ç—å –∏–¥–µ—é –∫–æ—Ç–æ—Ä—É—é —è –ø—Ä–µ–¥–ª–∞–≥–∞–ª —Å –∞–≤—Ç–æ–º–∞—Ç–∏—á–µ—Å–∫–∏–º –æ–±—É—á–µ–Ω–∏–µ–º
–¢–∏–ø–∞ –∏–º –Ω—É–∂–Ω–æ –±—É–¥–µ—Ç –ø—Ä–æ—Å—Ç–æ –Ω–∞ –∫–Ω–æ–ø–∫–∏ –Ω—É–∂–Ω—ã–µ –∂–∞—Ç—å –∏ —Ç–∏–ø –º–æ–¥–µ–ª—å –±—É–¥–µ—Ç —Å–∞–º–∞ —Å–æ–∑–¥–∞–≤–∞—Ç—å—Å—è 
–¢–æ –µ—Å—Ç—å –æ–Ω–∏ –∫–∞–∫ –±—ã —à–∞—Ä—è—Ç –ø—Ä–∏–º–µ—Ä–Ω–æ –∫–∞–∫ –Ω–∞—Å—Ç—Ä–æ–∏—Ç—å –Ω–∞–¥–æ, –Ω–æ –Ω–µ –Ω–∞—Å—Ç–æ–ª—å–∫–æ —Ç–æ–Ω–∫–æ —á—Ç–æ–±—ã –≤ –∫–æ–¥–µ, –∞ –º—ã –∫–∞–∫-–±—ã —É–ø—Ä–æ—â–∞–µ–º –∏–º —Ä–∞–±–æ—Ç—É –Ω–∞ —Ä–∞–Ω–Ω–∏—Ö —ç—Ç–∞–ø–∞—Ö
–ü–æ—Ç–æ–º —Ç–∏–ø —É–∂–µ –æ–Ω–∏ –Ω–∞ –∫–æ–¥ –±—É–¥—É—Ç –ø–µ—Ä–µ—Ö–æ–¥–∏—Ç—å
–ò –º—ã –∏—Ö —Ç–æ–∂–µ –º–æ–∂–µ–º –∫–æ–Ω—Å—É–ª—å—Ç–∏—Ä–æ–≤–∞—Ç—å
–ú–æ–∂–Ω–æ –∏ —Å –Ω–∏—Ö —Ç–æ–≥–¥–∞ –±—Ä–∞—Ç—å –¥–µ–Ω—å–≥–∏, —Ç–∏–ø–∞ —ç—Ç–æ —É–∂–µ –±—É–¥—É—Ç –∫–∞–∫-–±—É–¥—Ç–æ –∫—É—Ä—Å—ã, –Ω–æ –ø—Ä—è–º —É–∂–µ –Ω–∞ —Ä–µ–∞–ª—å–Ω—ã—Ö –∑–∞–¥–∞—á–∞—Ö 
–ù—É –∫–∞–∫ –∏–¥–µ—è","–ë–ª—è , –≥—Ä—É–±–æ –≥–æ–≤–æ—Ä—è –º—ã —Å–æ–±–∏—Ä–∞–µ–º—Å—è –æ—Ç–∫—Ä—ã—Ç—å –∫–æ–º–ø–∞–Ω–∏—é –∫–æ—Ç–æ—Ä–∞—è –±—É–¥–µ—Ç –ø–∏—Å–∞—Ç—å –ø–æ üôÉüôÉüôÉ
–ù–æ —ç—Ç–æ –æ—Ö—É–µ–Ω–Ω–æ"
,"–î–∞, —Ç–æ –µ—Å—Ç—å –º–æ–∂–Ω–æ –Ω–µ —Ç–æ–ª—å–∫–æ —Ç–æ–≥–¥–∞ –¥–∞—Ç–∞ —Å–∞–Ω—Ç–∏—Å—Ç–æ–≤ –∞ –µ—â–µ –±—ç–∫–æ–≤ –Ω–∞—á–∏–Ω–∞—é—â–∏—Ö –∫–æ—Ç–æ—Ä—ã–µ –±—É–¥—É—Ç –∏–Ω—Ç–µ–≥—Ä–∏—Ä–æ–≤–∞—Ç—å —ç—Ç–æ –¥–µ–ª–æ
—Ç–æ –µ—Å—Ç—å –ø—Ä—è–º –∞–π—Ç–∏—à–Ω–∏–∫–æ–≤ —Ä–∞–∑–≤–∏–≤–∞—Ç—å
—Ä–∞–∑–Ω—ã—Ö —Å—Ñ–µ—Ä
–∏ –º–æ–±–∏–ª—å–Ω–∏–∫–æ–≤
–∏ –±—ç–∫–æ–≤
–∏ —Ñ—Ä–æ–Ω—Ç–æ–≤
–≤—Ä–æ–¥–µ –ø—Ä–∏–∫–æ–ª—å–∫–æ –∑–≤—É—á–∏—Ç
—Ç–∏–ø –∑–Ω–∞–µ—à—å, –ø—Ä–æ–±–ª–µ–º–∞ —á—Ç–æ –º–Ω–æ–≥–∏–µ –∫–æ–º–ø–∞–Ω–∏–∏ –≤—ã—Å–æ–∫–∏–µ –ø–ª–∞–Ω–∫–∏ —Å—Ç–∞–≤—è—Ç, –∞ –º—ã –ø—Ä—è–º —Å—Ä–∞–∑—É –ø—Ä–∞–∫—Ç–∏–∫—É –¥–∞–µ–º
–Ω—É –∏ –≤—ã–≤–æ–∑–∏–º –Ω–∞ —Ç–æ–º —á—Ç–æ —É –Ω–∞—Å –æ–ø—ã—Ç–∞ –∏ —Ç–∞–º –∏ —Ç–∞–º –¥–æ—Å—Ç–∞—Ç–æ—á–Ω–æ, –∏ –º–æ–∂–µ–º —Å–∞–º–∏ —Ä–µ—à–∞—Ç—å —ç—Ç–∏ –∑–∞–¥–∞—á–∏ –µ—Å–ª–∏ —É –Ω–∏—Ö –Ω–µ –ø–æ–ª—É—á–∞–µ—Ç—Å—è
–∫–∞–∫ —Å–æ—Ü–∏–∞–ª—å–Ω–∞—è –ø—Ä–æ–≥—Ä–∞–º–º–∞
–¥–ª—è —Ç–æ–ª—å–∫–æ –æ—Ç–∫—Ä—ã–≤—à–∏—Ö—Å—è –ø—Ä–µ–¥–ø—Ä–∏—è—Ç–∏–π –∏ –Ω–æ–≤–∏—á–∫–æ–≤ –≤ IT
–ê –∑–¥–µ—Å—å –∫–∞–∫ —Ä–∞–∑ –º–æ–∂–Ω–æ –ø–æ–ø—Ä–æ–±–æ–≤–∞—Ç—å –≤–Ω–µ–¥—Ä–∏—Ç—å –∏–¥–µ—é –∫–æ—Ç–æ—Ä—É—é —è –ø—Ä–µ–¥–ª–∞–≥–∞–ª —Å –∞–≤—Ç–æ–º–∞—Ç–∏—á–µ—Å–∫–∏–º –æ–±—É—á–µ–Ω–∏–µ–º
–¢–∏–ø–∞ –∏–º –Ω—É–∂–Ω–æ –±—É–¥–µ—Ç –ø—Ä–æ—Å—Ç–æ –Ω–∞ –∫–Ω–æ–ø–∫–∏ –Ω—É–∂–Ω—ã–µ –∂–∞—Ç—å –∏ —Ç–∏–ø –º–æ–¥–µ–ª—å –±—É–¥–µ—Ç —Å–∞–º–∞ —Å–æ–∑–¥–∞–≤–∞—Ç—å—Å—è 
–¢–æ –µ—Å—Ç—å –æ–Ω–∏ –∫–∞–∫ –±—ã —à–∞—Ä—è—Ç –ø—Ä–∏–º–µ—Ä–Ω–æ –∫–∞–∫ –Ω–∞—Å—Ç—Ä–æ–∏—Ç—å –Ω–∞–¥–æ, –Ω–æ –Ω–µ –Ω–∞—Å—Ç–æ–ª—å–∫–æ —Ç–æ–Ω–∫–æ —á—Ç–æ–±—ã –≤ –∫–æ–¥–µ, –∞ –º—ã –∫–∞–∫-–±—ã —É–ø—Ä–æ—â–∞–µ–º –∏–º —Ä–∞–±–æ—Ç—É –Ω–∞ —Ä–∞–Ω–Ω–∏—Ö —ç—Ç–∞–ø–∞—Ö
–ü–æ—Ç–æ–º —Ç–∏–ø —É–∂–µ –æ–Ω–∏ –Ω–∞ –∫–æ–¥ –±—É–¥—É—Ç –ø–µ—Ä–µ—Ö–æ–¥–∏—Ç—å
–ò –º—ã –∏—Ö —Ç–æ–∂–µ –º–æ–∂–µ–º –∫–æ–Ω—Å—É–ª—å—Ç–∏—Ä–æ–≤–∞—Ç—å
–ú–æ–∂–Ω–æ –∏ —Å –Ω–∏—Ö —Ç–æ–≥–¥–∞ –±—Ä–∞—Ç—å –¥–µ–Ω—å–≥–∏, —Ç–∏–ø–∞ —ç—Ç–æ —É–∂–µ –±—É–¥—É—Ç –∫–∞–∫-–±—É–¥—Ç–æ –∫—É—Ä—Å—ã, –Ω–æ –ø—Ä—è–º —É–∂–µ –Ω–∞ —Ä–µ–∞–ª—å–Ω—ã—Ö –∑–∞–¥–∞—á–∞—Ö 
–ù—É –∫–∞–∫ –∏–¥–µ—è","–ë–ª—è , –≥—Ä—É–±–æ –≥–æ–≤–æ—Ä—è –º—ã —Å–æ–±–∏—Ä–∞–µ–º—Å—è –æ—Ç–∫—Ä—ã—Ç—å –∫–æ–º–ø–∞–Ω–∏—é –∫–æ—Ç–æ—Ä–∞—è –±—É–¥–µ—Ç –ø–∏—Å–∞—Ç—å –ø–æ üôÉüôÉüôÉ
–ù–æ —ç—Ç–æ –æ—Ö—É–µ–Ω–Ω–æ","–ß–æ—Ç —Ç–∞–∫ –Ω–µ –æ—á –ø–æ–π–º—É, –∑–∞–≤—Ç—Ä–∞ —Å–æ–∑–≤–æ–Ω–∏–º—Å—è
–í–æ —Å–∫–æ–∫ –∫—Å—Ç–∞ —Å–º–æ–∂–µ—Ç–µ?"
"–î–∞, —Ç–æ –µ—Å—Ç—å –º–æ–∂–Ω–æ –Ω–µ —Ç–æ–ª—å–∫–æ —Ç–æ–≥–¥–∞ –¥–∞—Ç–∞ —Å–∞–Ω—Ç–∏—Å—Ç–æ–≤ –∞ –µ—â–µ –±—ç–∫–æ–≤ –Ω–∞—á–∏–Ω–∞—é—â–∏—Ö –∫–æ—Ç–æ—Ä—ã–µ –±—É–¥—É—Ç –∏–Ω—Ç–µ–≥—Ä–∏—Ä–æ–≤–∞—Ç—å —ç—Ç–æ –¥–µ–ª–æ
—Ç–æ –µ—Å—Ç—å –ø—Ä—è–º –∞–π—Ç–∏—à–Ω–∏–∫–æ–≤ —Ä–∞–∑–≤–∏–≤–∞—Ç—å
—Ä–∞–∑–Ω—ã—Ö —Å—Ñ–µ—Ä
–∏ –º–æ–±–∏–ª—å–Ω–∏–∫–æ–≤
–∏ –±—ç–∫–æ–≤
–∏ —Ñ—Ä–æ–Ω—Ç–æ–≤
–≤—Ä–æ–¥–µ –ø—Ä–∏–∫–æ–ª—å–∫–æ –∑–≤—É—á–∏—Ç
—Ç–∏–ø –∑–Ω–∞–µ—à—å, –ø—Ä–æ–±–ª–µ–º–∞ —á—Ç–æ –º–Ω–æ–≥–∏–µ –∫–æ–º–ø–∞–Ω–∏–∏ –≤—ã—Å–æ–∫–∏–µ –ø–ª–∞–Ω–∫–∏ —Å—Ç–∞–≤—è—Ç, –∞ –º—ã –ø—Ä—è–º —Å—Ä–∞–∑—É –ø—Ä–∞–∫—Ç–∏–∫—É –¥–∞–µ–º
–Ω—É –∏ –≤—ã–≤–æ–∑–∏–º –Ω–∞ —Ç–æ–º —á—Ç–æ —É –Ω–∞—Å –æ–ø—ã—Ç–∞ –∏ —Ç–∞–º –∏ —Ç–∞–º –¥–æ—Å—Ç–∞—Ç–æ—á–Ω–æ, –∏ –º–æ–∂–µ–º —Å–∞–º–∏ —Ä–µ—à–∞—Ç—å —ç—Ç–∏ –∑–∞–¥–∞—á–∏ –µ—Å–ª–∏ —É –Ω–∏—Ö –Ω–µ –ø–æ–ª—É—á–∞–µ—Ç—Å—è
–∫–∞–∫ —Å–æ—Ü–∏–∞–ª—å–Ω–∞—è –ø—Ä–æ–≥—Ä–∞–º–º–∞
–¥–ª—è —Ç–æ–ª—å–∫–æ –æ—Ç–∫—Ä—ã–≤—à–∏—Ö—Å—è –ø—Ä–µ–¥–ø—Ä–∏—è—Ç–∏–π –∏ –Ω–æ–≤–∏—á–∫–æ–≤ –≤ IT
–ê –∑–¥–µ—Å—å –∫–∞–∫ —Ä–∞–∑ –º–æ–∂–Ω–æ –ø–æ–ø—Ä–æ–±–æ–≤–∞—Ç—å –≤–Ω–µ–¥—Ä–∏—Ç—å –∏–¥–µ—é –∫–æ—Ç–æ—Ä—É—é —è –ø—Ä–µ–¥–ª–∞–≥–∞–ª —Å –∞–≤—Ç–æ–º–∞—Ç–∏—á–µ—Å–∫–∏–º –æ–±—É—á–µ–Ω–∏–µ–º
–¢–∏–ø–∞ –∏–º –Ω—É–∂–Ω–æ –±—É–¥–µ—Ç –ø—Ä–æ—Å—Ç–æ –Ω–∞ –∫–Ω–æ–ø–∫–∏ –Ω—É–∂–Ω—ã–µ –∂–∞—Ç—å –∏ —Ç–∏–ø –º–æ–¥–µ–ª—å –±—É–¥–µ—Ç —Å–∞–º–∞ —Å–æ–∑–¥–∞–≤–∞—Ç—å—Å—è 
–¢–æ –µ—Å—Ç—å –æ–Ω–∏ –∫–∞–∫ –±—ã —à–∞—Ä—è—Ç –ø—Ä–∏–º–µ—Ä–Ω–æ –∫–∞–∫ –Ω–∞—Å—Ç—Ä–æ–∏—Ç—å –Ω–∞–¥–æ, –Ω–æ –Ω–µ –Ω–∞—Å—Ç–æ–ª—å–∫–æ —Ç–æ–Ω–∫–æ —á—Ç–æ–±—ã –≤ –∫–æ–¥–µ, –∞ –º—ã –∫–∞–∫-–±—ã —É–ø—Ä–æ—â–∞–µ–º –∏–º —Ä–∞–±–æ—Ç—É –Ω–∞ —Ä–∞–Ω–Ω–∏—Ö —ç—Ç–∞–ø–∞—Ö
–ü–æ—Ç–æ–º —Ç–∏–ø —É–∂–µ –æ–Ω–∏ –Ω–∞ –∫–æ–¥ –±—É–¥—É—Ç –ø–µ—Ä–µ—Ö–æ–¥–∏—Ç—å
–ò –º—ã –∏—Ö —Ç–æ–∂–µ –º–æ–∂–µ–º –∫–æ–Ω—Å—É–ª—å—Ç–∏—Ä–æ–≤–∞—Ç—å
–ú–æ–∂–Ω–æ –∏ —Å –Ω–∏—Ö —Ç–æ–≥–¥–∞ –±—Ä–∞—Ç—å –¥–µ–Ω—å–≥–∏, —Ç–∏–ø–∞ —ç—Ç–æ —É–∂–µ –±—É–¥—É—Ç –∫–∞–∫-–±—É–¥—Ç–æ –∫—É—Ä—Å—ã, –Ω–æ –ø—Ä—è–º —É–∂–µ –Ω–∞ —Ä–µ–∞–ª—å–Ω—ã—Ö –∑–∞–¥–∞—á–∞—Ö 
–ù—É –∫–∞–∫ –∏–¥–µ—è","–ë–ª—è , –≥—Ä—É–±–æ –≥–æ–≤–æ—Ä—è –º—ã —Å–æ–±–∏—Ä–∞–µ–º—Å—è –æ—Ç–∫—Ä—ã—Ç—å –∫–æ–º–ø–∞–Ω–∏—é –∫–æ—Ç–æ—Ä–∞—è –±—É–¥–µ—Ç –ø–∏—Å–∞—Ç—å –ø–æ üôÉüôÉüôÉ
–ù–æ —ç—Ç–æ –æ—Ö—É–µ–Ω–Ω–æ","–ß–æ—Ç —Ç–∞–∫ –Ω–µ –æ—á –ø–æ–π–º—É, –∑–∞–≤—Ç—Ä–∞ —Å–æ–∑–≤–æ–Ω–∏–º—Å—è
–í–æ —Å–∫–æ–∫ –∫—Å—Ç–∞ —Å–º–æ–∂–µ—Ç–µ?","–ú–æ–∂–Ω–æ –≤ 2 –ø—Ä–∏–º–µ—Ä–Ω–æ
–ò–ª–∏ –≤–µ—á–µ—Ä–æ–º"
"–ë–ª—è , –≥—Ä—É–±–æ –≥–æ–≤–æ—Ä—è –º—ã —Å–æ–±–∏—Ä–∞–µ–º—Å—è –æ—Ç–∫—Ä—ã—Ç—å –∫–æ–º–ø–∞–Ω–∏—é –∫–æ—Ç–æ—Ä–∞—è –±—É–¥–µ—Ç –ø–∏—Å–∞—Ç—å –ø–æ üôÉüôÉüôÉ
–ù–æ —ç—Ç–æ –æ—Ö—É–µ–Ω–Ω–æ","–ß–æ—Ç —Ç–∞–∫ –Ω–µ –æ—á –ø–æ–π–º—É, –∑–∞–≤—Ç—Ä–∞ —Å–æ–∑–≤–æ–Ω–∏–º—Å—è
–í–æ —Å–∫–æ–∫ –∫—Å—Ç–∞ —Å–º–æ–∂–µ—Ç–µ?","–ú–æ–∂–Ω–æ –≤ 2 –ø—Ä–∏–º–µ—Ä–Ω–æ
–ò–ª–∏ –≤–µ—á–µ—Ä–æ–º","–£ –º–µ–Ω—è —Ä–∞–±–æ—Ç–∞ –±–ª–∏–Ω
–ú–æ–≥—É —É—Ç—Ä–æ–º
–°–º–æ–∂–µ—à—å?"
"–ß–æ—Ç —Ç–∞–∫ –Ω–µ –æ—á –ø–æ–π–º—É, –∑–∞–≤—Ç—Ä–∞ —Å–æ–∑–≤–æ–Ω–∏–º—Å—è
–í–æ —Å–∫–æ–∫ –∫—Å—Ç–∞ —Å–º–æ–∂–µ—Ç–µ?","–ú–æ–∂–Ω–æ –≤ 2 –ø—Ä–∏–º–µ—Ä–Ω–æ
–ò–ª–∏ –≤–µ—á–µ—Ä–æ–º","–£ –º–µ–Ω—è —Ä–∞–±–æ—Ç–∞ –±–ª–∏–Ω
–ú–æ–≥—É —É—Ç—Ä–æ–º
–°–º–æ–∂–µ—à—å?",–í–æ —Å–∫–æ–ª—å–∫–æ?
"–ú–æ–∂–Ω–æ –≤ 2 –ø—Ä–∏–º–µ—Ä–Ω–æ
–ò–ª–∏ –≤–µ—á–µ—Ä–æ–º","–£ –º–µ–Ω—è —Ä–∞–±–æ—Ç–∞ –±–ª–∏–Ω
–ú–æ–≥—É —É—Ç—Ä–æ–º
–°–º–æ–∂–µ—à—å?",–í–æ —Å–∫–æ–ª—å–∫–æ?,–í 10
"–£ –º–µ–Ω—è —Ä–∞–±–æ—Ç–∞ –±–ª–∏–Ω
–ú–æ–≥—É —É—Ç—Ä–æ–º
–°–º–æ–∂–µ—à—å?",–í–æ —Å–∫–æ–ª—å–∫–æ?,–í 10,"–•–æ—Ä–æ—à–æ
–ö–∞–∫ –≤–æ–æ–±—â–µ –∏–¥–µ—è —Ç–µ–±–µ
–ß—Ç–æ –ø–∏—Å–∞–ª
–ß—Ç–æ –¥–∫–º–∞–µ—à—å"
–í–æ —Å–∫–æ–ª—å–∫–æ?,–í 10,"–•–æ—Ä–æ—à–æ
–ö–∞–∫ –≤–æ–æ–±—â–µ –∏–¥–µ—è —Ç–µ–±–µ
–ß—Ç–æ –ø–∏—Å–∞–ª
–ß—Ç–æ –¥–∫–º–∞–µ—à—å","–Ø –ø–æ–∫–∞ –Ω–µ –¥–æ –∫–æ–Ω—Ü–∞ –ø–æ–Ω—è–ª
–ó–∞–≤—Ç—Ä–∞ —Ä–∞—Å—Å–∫–∞–∂–µ—à—å, —Å–∫–∞–∂—É —á–æ–Ω–∏—Ç—å"
–í 10,"–•–æ—Ä–æ—à–æ
–ö–∞–∫ –≤–æ–æ–±—â–µ –∏–¥–µ—è —Ç–µ–±–µ
–ß—Ç–æ –ø–∏—Å–∞–ª
–ß—Ç–æ –¥–∫–º–∞–µ—à—å","–Ø –ø–æ–∫–∞ –Ω–µ –¥–æ –∫–æ–Ω—Ü–∞ –ø–æ–Ω—è–ª
–ó–∞–≤—Ç—Ä–∞ —Ä–∞—Å—Å–∫–∞–∂–µ—à—å, —Å–∫–∞–∂—É —á–æ–Ω–∏—Ç—å",–û–∫–∏
"–•–æ—Ä–æ—à–æ
–ö–∞–∫ –≤–æ–æ–±—â–µ –∏–¥–µ—è —Ç–µ–±–µ
–ß—Ç–æ –ø–∏—Å–∞–ª
–ß—Ç–æ –¥–∫–º–∞–µ—à—å","–Ø –ø–æ–∫–∞ –Ω–µ –¥–æ –∫–æ–Ω—Ü–∞ –ø–æ–Ω—è–ª
–ó–∞–≤—Ç—Ä–∞ —Ä–∞—Å—Å–∫–∞–∂–µ—à—å, —Å–∫–∞–∂—É —á–æ–Ω–∏—Ç—å",–û–∫–∏,"–ú–∞–∫—Å –ø—Ä–∏–≤–µ—Ç
–∑–∞—Ö–æ–¥–∏ –Ω–∞ —Å–µ—Ä–≤
–ë–æ–¥—è
–Ω—É–∂–Ω—ã —Ç–≤–æ–∏ –ø–∏–∑–¥–ª–∏–≤—ã–µ —Å–ø–æ—Å–æ–±–Ω–æ—Å—Ç–∏
–Ω—É–∂–Ω–æ –∫—Ä—á —É–∑–Ω–∞—Ç—å —Ü–µ–Ω—ã —É –∫–æ–Ω–∫—É—Ä–µ–Ω—Ç–æ–≤
maller –∏ nordclan
—á–∏—Å—Ç–æ —Å–∞–π—Ç maller"
"–Ø –ø–æ–∫–∞ –Ω–µ –¥–æ –∫–æ–Ω—Ü–∞ –ø–æ–Ω—è–ª
–ó–∞–≤—Ç—Ä–∞ —Ä–∞—Å—Å–∫–∞–∂–µ—à—å, —Å–∫–∞–∂—É —á–æ–Ω–∏—Ç—å",–û–∫–∏,"–ú–∞–∫—Å –ø—Ä–∏–≤–µ—Ç
–∑–∞—Ö–æ–¥–∏ –Ω–∞ —Å–µ—Ä–≤
–ë–æ–¥—è
–Ω—É–∂–Ω—ã —Ç–≤–æ–∏ –ø–∏–∑–¥–ª–∏–≤—ã–µ —Å–ø–æ—Å–æ–±–Ω–æ—Å—Ç–∏
–Ω—É–∂–Ω–æ –∫—Ä—á —É–∑–Ω–∞—Ç—å —Ü–µ–Ω—ã —É –∫–æ–Ω–∫—É—Ä–µ–Ω—Ç–æ–≤
maller –∏ nordclan
—á–∏—Å—Ç–æ —Å–∞–π—Ç maller",–•–∞–∞–∞–∑—Ö–∞
–û–∫–∏,"–ú–∞–∫—Å –ø—Ä–∏–≤–µ—Ç
–∑–∞—Ö–æ–¥–∏ –Ω–∞ —Å–µ—Ä–≤
–ë–æ–¥—è
–Ω—É–∂–Ω—ã —Ç–≤–æ–∏ –ø–∏–∑–¥–ª–∏–≤—ã–µ —Å–ø–æ—Å–æ–±–Ω–æ—Å—Ç–∏
–Ω—É–∂–Ω–æ –∫—Ä—á —É–∑–Ω–∞—Ç—å —Ü–µ–Ω—ã —É –∫–æ–Ω–∫—É—Ä–µ–Ω—Ç–æ–≤
maller –∏ nordclan
—á–∏—Å—Ç–æ —Å–∞–π—Ç maller",–•–∞–∞–∞–∑—Ö–∞,–°–µ–≥–æ–¥–Ω—è –±—ã –≤–µ—á–µ—Ä–æ–º —Å–µ—Å—Ç—å
,,,—Ç—ã —Å–º–æ–∂–µ—à—å –±–æ–≥–¥–∞–Ω?
,,—Ç—ã —Å–º–æ–∂–µ—à—å –±–æ–≥–¥–∞–Ω?,"—Ç–∞–º –ø—Ä–æ—Å—Ç–æ –≤–æ–ø—Ä–æ—Å—ã –ø–æ—è–≤–∏–ª–∏—Å—å —Ç—ã –≤–æ–∑–º–æ–∂–Ω–æ –Ω–∞ –Ω–∏—Ö –æ—Ç–≤–µ—Ç –∑–Ω–∞–µ—à—å
–∏ –µ—â–µ –ø–æ —Å—Ç–∏–ª—é –ø—Ä–µ–∑—É –Ω–∞–¥–æ —Å–¥–µ–ª–∞—Ç—å, –µ—Å–ª–∏ —É —Ç–µ–±—è –≤—Ä–µ–º—è –±—É–¥–µ—Ç —Å–≤–æ–±–æ–¥–Ω–æ–µ"
,,,"–ê –∑–∞–≤—Ç—Ä–∞ –∫—Ç–æ-—Ç–æ —Å–º–æ–∂–µ—Ç –Ω–∞ —Å–æ–∑–≤–æ–Ω?
–•–æ—á—É –ø–æ–Ω—è—Ç—å —á—Ç–æ –ø—Ä–æ–∏—Å—Ö–æ–¥–∏—Ç
–ó–∞–≤—Ç—Ä–∞ –≤ –≥–æ—Ä–æ–¥–µ –±—É–¥—É"
,,"–ê –∑–∞–≤—Ç—Ä–∞ –∫—Ç–æ-—Ç–æ —Å–º–æ–∂–µ—Ç –Ω–∞ —Å–æ–∑–≤–æ–Ω?
–•–æ—á—É –ø–æ–Ω—è—Ç—å —á—Ç–æ –ø—Ä–æ–∏—Å—Ö–æ–¥–∏—Ç
–ó–∞–≤—Ç—Ä–∞ –≤ –≥–æ—Ä–æ–¥–µ –±—É–¥—É","–¥–∞, –∑–∞–≤—Ç—Ä–∞ —É–∂–µ –Ω–∞–¥–æ –¥–æ–¥–µ–ª–∞—Ç—å –ø—Ä–µ–∑–µ–Ω—Ç–∞—Ü–∏—é
–∫–∞–∫ —Ä–∞–∑ –≤–≤–µ–¥–µ–º —Ç–µ–±—è –≤ –∫—É—Ä—Å –¥–µ–ª–∞"
,"–ê –∑–∞–≤—Ç—Ä–∞ –∫—Ç–æ-—Ç–æ —Å–º–æ–∂–µ—Ç –Ω–∞ —Å–æ–∑–≤–æ–Ω?
–•–æ—á—É –ø–æ–Ω—è—Ç—å —á—Ç–æ –ø—Ä–æ–∏—Å—Ö–æ–¥–∏—Ç
–ó–∞–≤—Ç—Ä–∞ –≤ –≥–æ—Ä–æ–¥–µ –±—É–¥—É","–¥–∞, –∑–∞–≤—Ç—Ä–∞ —É–∂–µ –Ω–∞–¥–æ –¥–æ–¥–µ–ª–∞—Ç—å –ø—Ä–µ–∑–µ–Ω—Ç–∞—Ü–∏—é
–∫–∞–∫ —Ä–∞–∑ –≤–≤–µ–¥–µ–º —Ç–µ–±—è –≤ –∫—É—Ä—Å –¥–µ–ª–∞",–û–∫–µ–π
"–ê –∑–∞–≤—Ç—Ä–∞ –∫—Ç–æ-—Ç–æ —Å–º–æ–∂–µ—Ç –Ω–∞ —Å–æ–∑–≤–æ–Ω?
–•–æ—á—É –ø–æ–Ω—è—Ç—å —á—Ç–æ –ø—Ä–æ–∏—Å—Ö–æ–¥–∏—Ç
–ó–∞–≤—Ç—Ä–∞ –≤ –≥–æ—Ä–æ–¥–µ –±—É–¥—É","–¥–∞, –∑–∞–≤—Ç—Ä–∞ —É–∂–µ –Ω–∞–¥–æ –¥–æ–¥–µ–ª–∞—Ç—å –ø—Ä–µ–∑–µ–Ω—Ç–∞—Ü–∏—é
–∫–∞–∫ —Ä–∞–∑ –≤–≤–µ–¥–µ–º —Ç–µ–±—è –≤ –∫—É—Ä—Å –¥–µ–ª–∞",–û–∫–µ–π,–æ—Ä–∏–µ–Ω—Ç–∏—Ä–æ–≤–æ—á–Ω–æ –≤ 19.00-20.00
"–¥–∞, –∑–∞–≤—Ç—Ä–∞ —É–∂–µ –Ω–∞–¥–æ –¥–æ–¥–µ–ª–∞—Ç—å –ø—Ä–µ–∑–µ–Ω—Ç–∞—Ü–∏—é
–∫–∞–∫ —Ä–∞–∑ –≤–≤–µ–¥–µ–º —Ç–µ–±—è –≤ –∫—É—Ä—Å –¥–µ–ª–∞",–û–∫–µ–π,–æ—Ä–∏–µ–Ω—Ç–∏—Ä–æ–≤–æ—á–Ω–æ –≤ 19.00-20.00,"–î–∞, –∫–æ–Ω–µ—á–Ω–æ
–¢–∞–∫
–ù–∞–ø–∏—à–∏—Ç–µ –∫–∞–∫ –≤—ã —Å–æ–±–µ—Ä–µ—Ç–µ—Å—å"
–û–∫–µ–π,–æ—Ä–∏–µ–Ω—Ç–∏—Ä–æ–≤–æ—á–Ω–æ –≤ 19.00-20.00,"–î–∞, –∫–æ–Ω–µ—á–Ω–æ
–¢–∞–∫
–ù–∞–ø–∏—à–∏—Ç–µ –∫–∞–∫ –≤—ã —Å–æ–±–µ—Ä–µ—Ç–µ—Å—å","–Ø —É—Å—Ç–∞–ª, –º—ã —Å –∫–∞—Ç–∞–π–∫–∏ —â–∞—Å –ø–æ –±–µ–ª–æ–π –ø–ª—ã–ª–∏ 10 –∫–º, —Ö–æ—á–µ—Ç—Å—è –æ—Ç–¥–æ—Ö–Ω—É—Ç—å
–Ø –¥—É–º–∞–ª —Å–∏–ª –±–æ–ª—å—à–µ –±—É–¥–µ—Ç
–ü–æ–≥–Ω–∞–ª–∏ –∑–∞–≤—Ç—Ä–∞ —Å —É—Ç—Ä–∞ –µ–±–∞—à–∏—Ç–±"
–æ—Ä–∏–µ–Ω—Ç–∏—Ä–æ–≤–æ—á–Ω–æ –≤ 19.00-20.00,"–î–∞, –∫–æ–Ω–µ—á–Ω–æ
–¢–∞–∫
–ù–∞–ø–∏—à–∏—Ç–µ –∫–∞–∫ –≤—ã —Å–æ–±–µ—Ä–µ—Ç–µ—Å—å","–Ø —É—Å—Ç–∞–ª, –º—ã —Å –∫–∞—Ç–∞–π–∫–∏ —â–∞—Å –ø–æ –±–µ–ª–æ–π –ø–ª—ã–ª–∏ 10 –∫–º, —Ö–æ—á–µ—Ç—Å—è –æ—Ç–¥–æ—Ö–Ω—É—Ç—å
–Ø –¥—É–º–∞–ª —Å–∏–ª –±–æ–ª—å—à–µ –±—É–¥–µ—Ç
–ü–æ–≥–Ω–∞–ª–∏ –∑–∞–≤—Ç—Ä–∞ —Å —É—Ç—Ä–∞ –µ–±–∞—à–∏—Ç–±",–í—ã –Ω–∞ —Å–∞–ø–∞—Ö ?
"–î–∞, –∫–æ–Ω–µ—á–Ω–æ
–¢–∞–∫
–ù–∞–ø–∏—à–∏—Ç–µ –∫–∞–∫ –≤—ã —Å–æ–±–µ—Ä–µ—Ç–µ—Å—å","–Ø —É—Å—Ç–∞–ª, –º—ã —Å –∫–∞—Ç–∞–π–∫–∏ —â–∞—Å –ø–æ –±–µ–ª–æ–π –ø–ª—ã–ª–∏ 10 –∫–º, —Ö–æ—á–µ—Ç—Å—è –æ—Ç–¥–æ—Ö–Ω—É—Ç—å
–Ø –¥—É–º–∞–ª —Å–∏–ª –±–æ–ª—å—à–µ –±—É–¥–µ—Ç
–ü–æ–≥–Ω–∞–ª–∏ –∑–∞–≤—Ç—Ä–∞ —Å —É—Ç—Ä–∞ –µ–±–∞—à–∏—Ç–±",–í—ã –Ω–∞ —Å–∞–ø–∞—Ö ?,"–Ø —Å 10.30 —Å–≤–æ–±–æ–¥–µ–Ω
–î–∞–∞–∞–∞
–≠—Ç–æ –∞—Ö—É–µ–Ω–Ω–æ
–†–∞—Å—Å–∫–∞–∂—É –≤ –¥–∏—Å–µ"
"–Ø —É—Å—Ç–∞–ª, –º—ã —Å –∫–∞—Ç–∞–π–∫–∏ —â–∞—Å –ø–æ –±–µ–ª–æ–π –ø–ª—ã–ª–∏ 10 –∫–º, —Ö–æ—á–µ—Ç—Å—è –æ—Ç–¥–æ—Ö–Ω—É—Ç—å
–Ø –¥—É–º–∞–ª —Å–∏–ª –±–æ–ª—å—à–µ –±—É–¥–µ—Ç
–ü–æ–≥–Ω–∞–ª–∏ –∑–∞–≤—Ç—Ä–∞ —Å —É—Ç—Ä–∞ –µ–±–∞—à–∏—Ç–±",–í—ã –Ω–∞ —Å–∞–ø–∞—Ö ?,"–Ø —Å 10.30 —Å–≤–æ–±–æ–¥–µ–Ω
–î–∞–∞–∞–∞
–≠—Ç–æ –∞—Ö—É–µ–Ω–Ω–æ
–†–∞—Å—Å–∫–∞–∂—É –≤ –¥–∏—Å–µ","–°—É–∫
–¢–æ–∂–µ —Ö–æ—á—É"
–í—ã –Ω–∞ —Å–∞–ø–∞—Ö ?,"–Ø —Å 10.30 —Å–≤–æ–±–æ–¥–µ–Ω
–î–∞–∞–∞–∞
–≠—Ç–æ –∞—Ö—É–µ–Ω–Ω–æ
–†–∞—Å—Å–∫–∞–∂—É –≤ –¥–∏—Å–µ","–°—É–∫
–¢–æ–∂–µ —Ö–æ—á—É","–ë–µ—Ä–∏ —Å–∞–ø –Ω–∞ —Å–ª–µ–¥—É—é—â–∏–π –≥–æ–¥
–ò –ø–æ–≥–Ω–∞–ª–∏ —Ö–∞–∞—Ö—Ö–∞–∞—Ö"
,,,–ú—ã –µ—â—ë –æ–¥–∏–Ω –≤–æ–∑—å–º—ë–º —Ç–æ–∂–µ
,,–ú—ã –µ—â—ë –æ–¥–∏–Ω –≤–æ–∑—å–º—ë–º —Ç–æ–∂–µ,–ó–∞—á–µ–º
,,,"–õ–∞–¥–Ω–æ, —Ö–≤–∞—Ç–∏—Ç —Ñ–ª—É–¥–∏—Ç—å"
,,,–ê —Ç–æ —É –≤–ª–∞–¥–∞ –≤—Å–µ—Ö –¥–µ—Ç–µ–π —Ä–∞–∑–±—É–¥–∏–º
,,–ê —Ç–æ —É –≤–ª–∞–¥–∞ –≤—Å–µ—Ö –¥–µ—Ç–µ–π —Ä–∞–∑–±—É–¥–∏–º,–£—Ä–æ–¥—ã –º–∞–æ–ª–µ–ª—Ç–Ω–∏–µ –±–ª—è—Ç—å
,,,–•–æ—á—Ü–∞
,,–•–æ—á—Ü–∞,–ü—Ö–∞—Ö—Ö–∞—Ö–∞
,–•–æ—á—Ü–∞,–ü—Ö–∞—Ö—Ö–∞—Ö–∞,–ê–∞—Ö–∞—Ö–∞—Ö–∞—Ö–∞
–•–æ—á—Ü–∞,–ü—Ö–∞—Ö—Ö–∞—Ö–∞,–ê–∞—Ö–∞—Ö–∞—Ö–∞—Ö–∞,"–¢–æ–ª—å–∫–æ —Å—Ä–∞—Ç—å –∏ —Å—Å–∞—Ç—å –º–æ–≥—É—Ç –≤ —à—Ç–∞–Ω—ã
–ê –Ω—É –∏ –¥—Ä–∞—Ç—å—Å—è —Å –º–∞—Ç–∞–º–∏"
–ü—Ö–∞—Ö—Ö–∞—Ö–∞,–ê–∞—Ö–∞—Ö–∞—Ö–∞—Ö–∞,"–¢–æ–ª—å–∫–æ —Å—Ä–∞—Ç—å –∏ —Å—Å–∞—Ç—å –º–æ–≥—É—Ç –≤ —à—Ç–∞–Ω—ã
–ê –Ω—É –∏ –¥—Ä–∞—Ç—å—Å—è —Å –º–∞—Ç–∞–º–∏",–ê—Ö–∞—Ö–∞—Ö–∞
–ê–∞—Ö–∞—Ö–∞—Ö–∞—Ö–∞,"–¢–æ–ª—å–∫–æ —Å—Ä–∞—Ç—å –∏ —Å—Å–∞—Ç—å –º–æ–≥—É—Ç –≤ —à—Ç–∞–Ω—ã
–ê –Ω—É –∏ –¥—Ä–∞—Ç—å—Å—è —Å –º–∞—Ç–∞–º–∏",–ê—Ö–∞—Ö–∞—Ö–∞,"–ê –∫–∞–∫ –Ω–∞ —Å—Ü–µ–Ω–µ –ø–µ—Å–Ω–∏ –ø–µ—Ç—å —Ç–∞–Ω—Ü–µ–≤–∞—Ç—å –∏ –¥–µ–∫–æ—Ä–∞—Ü–∏–∏ –Ω–æ—Å–∏—Ç—å
–¢–∞–∫ –æ–Ω–∏ –±–ª—è—Ç—å –Ω–µ —Ö–æ—Ç—è—Ç –∏ –Ω–µ –º–æ–≥—É—Ç
–î–µ–±–∏–ª—ã —Å—É–∫–∞
–ù—É –ª–∞–¥–Ω–æ, –≤—Å—ë —Å –Ω–∏–º–∏ –Ω–µ —Ç–∞–∫ –ø–ª–æ—Ö–æ
–î–∞ –∏ –º–∞—Ç–µ—Ä–∏ –∑–∞ –±–µ—à–µ–Ω–Ω—ã—Ö –¥–µ—Ç–µ–π, –µ—Å–ª–∏ –∏—Ö —Ç–µ—Ä–ø–µ—Ç—å, —Ç–æ –¥–∞—Ä—è—Ç —à–æ–∫–æ–ª–∞–¥–∫–∏, –∫–æ–Ω—Ñ–µ—Ç—ã, —Ñ—Ä—É–∫—Ç—ã –∏ —Ç–¥
–ñ–∞–ª—å —Ç–æ–ª—å–∫–æ –¥–µ–Ω—å–≥–∞–º–∏ –Ω–µ –¥–∞—é—Ç"
"–¢–æ–ª—å–∫–æ —Å—Ä–∞—Ç—å –∏ —Å—Å–∞—Ç—å –º–æ–≥—É—Ç –≤ —à—Ç–∞–Ω—ã
–ê –Ω—É –∏ –¥—Ä–∞—Ç—å—Å—è —Å –º–∞—Ç–∞–º–∏",–ê—Ö–∞—Ö–∞—Ö–∞,"–ê –∫–∞–∫ –Ω–∞ —Å—Ü–µ–Ω–µ –ø–µ—Å–Ω–∏ –ø–µ—Ç—å —Ç–∞–Ω—Ü–µ–≤–∞—Ç—å –∏ –¥–µ–∫–æ—Ä–∞—Ü–∏–∏ –Ω–æ—Å–∏—Ç—å
–¢–∞–∫ –æ–Ω–∏ –±–ª—è—Ç—å –Ω–µ —Ö–æ—Ç—è—Ç –∏ –Ω–µ –º–æ–≥—É—Ç
–î–µ–±–∏–ª—ã —Å—É–∫–∞
–ù—É –ª–∞–¥–Ω–æ, –≤—Å—ë —Å –Ω–∏–º–∏ –Ω–µ —Ç–∞–∫ –ø–ª–æ—Ö–æ
–î–∞ –∏ –º–∞—Ç–µ—Ä–∏ –∑–∞ –±–µ—à–µ–Ω–Ω—ã—Ö –¥–µ—Ç–µ–π, –µ—Å–ª–∏ –∏—Ö —Ç–µ—Ä–ø–µ—Ç—å, —Ç–æ –¥–∞—Ä—è—Ç —à–æ–∫–æ–ª–∞–¥–∫–∏, –∫–æ–Ω—Ñ–µ—Ç—ã, —Ñ—Ä—É–∫—Ç—ã –∏ —Ç–¥
–ñ–∞–ª—å —Ç–æ–ª—å–∫–æ –¥–µ–Ω—å–≥–∞–º–∏ –Ω–µ –¥–∞—é—Ç","–ë–µ–¥–Ω—ã–π –≤–ª–∞–¥
–ë–æ–∂–µ
–Ø —Ç–∞–∫ —Ç–µ–±–µ —Å–æ—á—É–≤—Å—Ç–≤—É—é"
–ê—Ö–∞—Ö–∞—Ö–∞,"–ê –∫–∞–∫ –Ω–∞ —Å—Ü–µ–Ω–µ –ø–µ—Å–Ω–∏ –ø–µ—Ç—å —Ç–∞–Ω—Ü–µ–≤–∞—Ç—å –∏ –¥–µ–∫–æ—Ä–∞—Ü–∏–∏ –Ω–æ—Å–∏—Ç—å
–¢–∞–∫ –æ–Ω–∏ –±–ª—è—Ç—å –Ω–µ —Ö–æ—Ç—è—Ç –∏ –Ω–µ –º–æ–≥—É—Ç
–î–µ–±–∏–ª—ã —Å—É–∫–∞
–ù—É –ª–∞–¥–Ω–æ, –≤—Å—ë —Å –Ω–∏–º–∏ –Ω–µ —Ç–∞–∫ –ø–ª–æ—Ö–æ
–î–∞ –∏ –º–∞—Ç–µ—Ä–∏ –∑–∞ –±–µ—à–µ–Ω–Ω—ã—Ö –¥–µ—Ç–µ–π, –µ—Å–ª–∏ –∏—Ö —Ç–µ—Ä–ø–µ—Ç—å, —Ç–æ –¥–∞—Ä—è—Ç —à–æ–∫–æ–ª–∞–¥–∫–∏, –∫–æ–Ω—Ñ–µ—Ç—ã, —Ñ—Ä—É–∫—Ç—ã –∏ —Ç–¥
–ñ–∞–ª—å —Ç–æ–ª—å–∫–æ –¥–µ–Ω—å–≥–∞–º–∏ –Ω–µ –¥–∞—é—Ç","–ë–µ–¥–Ω—ã–π –≤–ª–∞–¥
–ë–æ–∂–µ
–Ø —Ç–∞–∫ —Ç–µ–±–µ —Å–æ—á—É–≤—Å—Ç–≤—É—é","–ê—Ö–∞—Ö–∞—Ö–∞—Ö–∞
40 –¥–µ—Ç–µ–π –Ω–∞—Ö—É–π
–ü—Ä–æ—à–ª–æ 4 –¥–Ω—è, –∞ —è –∑–∞–ø–æ–º–Ω–∏–ª —Ç–æ–ª—å–∫–æ 5 –¥–µ—Ç–µ–π
–ò—Ö —Å–ª–∏—à–∫–æ–º –¥–æ—Ö—É—è
–ù–∏—Ö—É—è —è –∑–∞–≤—Ç—Ä–∞ –Ω–µ –ø—Ä–∏–µ–∑–∂–∞—é 
–¢–æ–ª—å–∫–æ –º–± –ø–æ–∑–¥–Ω–æ –Ω–æ—á—å—é"
"–ê –∫–∞–∫ –Ω–∞ —Å—Ü–µ–Ω–µ –ø–µ—Å–Ω–∏ –ø–µ—Ç—å —Ç–∞–Ω—Ü–µ–≤–∞—Ç—å –∏ –¥–µ–∫–æ—Ä–∞—Ü–∏–∏ –Ω–æ—Å–∏—Ç—å
–¢–∞–∫ –æ–Ω–∏ –±–ª—è—Ç—å –Ω–µ —Ö–æ—Ç—è—Ç –∏ –Ω–µ –º–æ–≥—É—Ç
–î–µ–±–∏–ª—ã —Å—É–∫–∞
–ù—É –ª–∞–¥–Ω–æ, –≤—Å—ë —Å –Ω–∏–º–∏ –Ω–µ —Ç–∞–∫ –ø–ª–æ—Ö–æ
–î–∞ –∏ –º–∞—Ç–µ—Ä–∏ –∑–∞ –±–µ—à–µ–Ω–Ω—ã—Ö –¥–µ—Ç–µ–π, –µ—Å–ª–∏ –∏—Ö —Ç–µ—Ä–ø–µ—Ç—å, —Ç–æ –¥–∞—Ä—è—Ç —à–æ–∫–æ–ª–∞–¥–∫–∏, –∫–æ–Ω—Ñ–µ—Ç—ã, —Ñ—Ä—É–∫—Ç—ã –∏ —Ç–¥
–ñ–∞–ª—å —Ç–æ–ª—å–∫–æ –¥–µ–Ω—å–≥–∞–º–∏ –Ω–µ –¥–∞—é—Ç","–ë–µ–¥–Ω—ã–π –≤–ª–∞–¥
–ë–æ–∂–µ
–Ø —Ç–∞–∫ —Ç–µ–±–µ —Å–æ—á—É–≤—Å—Ç–≤—É—é","–ê—Ö–∞—Ö–∞—Ö–∞—Ö–∞
40 –¥–µ—Ç–µ–π –Ω–∞—Ö—É–π
–ü—Ä–æ—à–ª–æ 4 –¥–Ω—è, –∞ —è –∑–∞–ø–æ–º–Ω–∏–ª —Ç–æ–ª—å–∫–æ 5 –¥–µ—Ç–µ–π
–ò—Ö —Å–ª–∏—à–∫–æ–º –¥–æ—Ö—É—è
–ù–∏—Ö—É—è —è –∑–∞–≤—Ç—Ä–∞ –Ω–µ –ø—Ä–∏–µ–∑–∂–∞—é 
–¢–æ–ª—å–∫–æ –º–± –ø–æ–∑–¥–Ω–æ –Ω–æ—á—å—é",–≤ 10.30 —Å–µ–≥–æ–¥–Ω—è —Å–æ–±–∏—Ä–∞–µ–º—Å—è?
"–ë–µ–¥–Ω—ã–π –≤–ª–∞–¥
–ë–æ–∂–µ
–Ø —Ç–∞–∫ —Ç–µ–±–µ —Å–æ—á—É–≤—Å—Ç–≤—É—é","–ê—Ö–∞—Ö–∞—Ö–∞—Ö–∞
40 –¥–µ—Ç–µ–π –Ω–∞—Ö—É–π
–ü—Ä–æ—à–ª–æ 4 –¥–Ω—è, –∞ —è –∑–∞–ø–æ–º–Ω–∏–ª —Ç–æ–ª—å–∫–æ 5 –¥–µ—Ç–µ–π
–ò—Ö —Å–ª–∏—à–∫–æ–º –¥–æ—Ö—É—è
–ù–∏—Ö—É—è —è –∑–∞–≤—Ç—Ä–∞ –Ω–µ –ø—Ä–∏–µ–∑–∂–∞—é 
–¢–æ–ª—å–∫–æ –º–± –ø–æ–∑–¥–Ω–æ –Ω–æ—á—å—é",–≤ 10.30 —Å–µ–≥–æ–¥–Ω—è —Å–æ–±–∏—Ä–∞–µ–º—Å—è?,"–¥–∞
–Ω—É, —è –≥–æ—Ç–æ–≤
–±–æ–≥–¥–∞–Ω–∞ –Ω–∞–¥–∞"
"–ê—Ö–∞—Ö–∞—Ö–∞—Ö–∞
40 –¥–µ—Ç–µ–π –Ω–∞—Ö—É–π
–ü—Ä–æ—à–ª–æ 4 –¥–Ω—è, –∞ —è –∑–∞–ø–æ–º–Ω–∏–ª —Ç–æ–ª—å–∫–æ 5 –¥–µ—Ç–µ–π
–ò—Ö —Å–ª–∏—à–∫–æ–º –¥–æ—Ö—É—è
–ù–∏—Ö—É—è —è –∑–∞–≤—Ç—Ä–∞ –Ω–µ –ø—Ä–∏–µ–∑–∂–∞—é 
–¢–æ–ª—å–∫–æ –º–± –ø–æ–∑–¥–Ω–æ –Ω–æ—á—å—é",–≤ 10.30 —Å–µ–≥–æ–¥–Ω—è —Å–æ–±–∏—Ä–∞–µ–º—Å—è?,"–¥–∞
–Ω—É, —è –≥–æ—Ç–æ–≤
–±–æ–≥–¥–∞–Ω–∞ –Ω–∞–¥–∞","–∫–∫, —â–∞ –±—É–¥—É"
–≤ 10.30 —Å–µ–≥–æ–¥–Ω—è —Å–æ–±–∏—Ä–∞–µ–º—Å—è?,"–¥–∞
–Ω—É, —è –≥–æ—Ç–æ–≤
–±–æ–≥–¥–∞–Ω–∞ –Ω–∞–¥–∞","–∫–∫, —â–∞ –±—É–¥—É","–≤–ª–∞–¥ —Å–º–æ—Ç—Ä–∏, –Ω—É–∂–Ω–æ —Ç–≤–æ–µ –º–Ω–µ–Ω–∏–µ"
"–¥–∞
–Ω—É, —è –≥–æ—Ç–æ–≤
–±–æ–≥–¥–∞–Ω–∞ –Ω–∞–¥–∞","–∫–∫, —â–∞ –±—É–¥—É","–≤–ª–∞–¥ —Å–º–æ—Ç—Ä–∏, –Ω—É–∂–Ω–æ —Ç–≤–æ–µ –º–Ω–µ–Ω–∏–µ","–ê—Ö—Ö–∞—Ö–∞—Ö–∞—Ö–∞—Ö–∞—Ö–∞
–Ø –í–û–ñ–ê–¢–´–ô"
"–∫–∫, —â–∞ –±—É–¥—É","–≤–ª–∞–¥ —Å–º–æ—Ç—Ä–∏, –Ω—É–∂–Ω–æ —Ç–≤–æ–µ –º–Ω–µ–Ω–∏–µ","–ê—Ö—Ö–∞—Ö–∞—Ö–∞—Ö–∞—Ö–∞—Ö–∞
–Ø –í–û–ñ–ê–¢–´–ô","–∑–∞—Ü–µ–Ω–∏ –ø—Ä–µ–∑—É
–û–∫, –∑–∞–π–º—ë–º—Å—è"
"–≤–ª–∞–¥ —Å–º–æ—Ç—Ä–∏, –Ω—É–∂–Ω–æ —Ç–≤–æ–µ –º–Ω–µ–Ω–∏–µ","–ê—Ö—Ö–∞—Ö–∞—Ö–∞—Ö–∞—Ö–∞—Ö–∞
–Ø –í–û–ñ–ê–¢–´–ô","–∑–∞—Ü–µ–Ω–∏ –ø—Ä–µ–∑—É
–û–∫, –∑–∞–π–º—ë–º—Å—è",–ù–µ—Ç
"–ê—Ö—Ö–∞—Ö–∞—Ö–∞—Ö–∞—Ö–∞—Ö–∞
–Ø –í–û–ñ–ê–¢–´–ô","–∑–∞—Ü–µ–Ω–∏ –ø—Ä–µ–∑—É
–û–∫, –∑–∞–π–º—ë–º—Å—è",–ù–µ—Ç,"–ù–∞–¥–æ –ø–æ –ø—Ä–∞–∫—Ç–∏–∫–µ —Å–¥–µ–ª–∞—Ç—å —á–æ–Ω–∏—Ç—å
–ú–∞–∫—Å, —Ç—ã –¥–µ–ª–∞–ª?"
"–∑–∞—Ü–µ–Ω–∏ –ø—Ä–µ–∑—É
–û–∫, –∑–∞–π–º—ë–º—Å—è",–ù–µ—Ç,"–ù–∞–¥–æ –ø–æ –ø—Ä–∞–∫—Ç–∏–∫–µ —Å–¥–µ–ª–∞—Ç—å —á–æ–Ω–∏—Ç—å
–ú–∞–∫—Å, —Ç—ã –¥–µ–ª–∞–ª?","–ú–± –ø–æ—Å–∏–¥–∏–º —Å–µ–≥–æ–¥–Ω—è
–ü–æ–¥–µ–ª–∞–µ–º —á–µ–Ω–∏—Ç—å"
–ù–µ—Ç,"–ù–∞–¥–æ –ø–æ –ø—Ä–∞–∫—Ç–∏–∫–µ —Å–¥–µ–ª–∞—Ç—å —á–æ–Ω–∏—Ç—å
–ú–∞–∫—Å, —Ç—ã –¥–µ–ª–∞–ª?","–ú–± –ø–æ—Å–∏–¥–∏–º —Å–µ–≥–æ–¥–Ω—è
–ü–æ–¥–µ–ª–∞–µ–º —á–µ–Ω–∏—Ç—å","–Ø –≤ 21.30 –æ—Å–≤–æ–±–æ–∂—É—Å—å, –Ω–æ –Ω–µ —Ñ–∞–∫—Ç —á—Ç–æ —É –º–µ–Ω—è –±—É–¥—É—Ç —Å–∏–ª—ã
–ü–æ–Ω—è–ª
–¢—ã –ë–æ–¥—è –ø—Ä–µ–∑—É –Ω–µ –¥–µ–ª–∞–ª?"
"–ù–∞–¥–æ –ø–æ –ø—Ä–∞–∫—Ç–∏–∫–µ —Å–¥–µ–ª–∞—Ç—å —á–æ–Ω–∏—Ç—å
–ú–∞–∫—Å, —Ç—ã –¥–µ–ª–∞–ª?","–ú–± –ø–æ—Å–∏–¥–∏–º —Å–µ–≥–æ–¥–Ω—è
–ü–æ–¥–µ–ª–∞–µ–º —á–µ–Ω–∏—Ç—å","–Ø –≤ 21.30 –æ—Å–≤–æ–±–æ–∂—É—Å—å, –Ω–æ –Ω–µ —Ñ–∞–∫—Ç —á—Ç–æ —É –º–µ–Ω—è –±—É–¥—É—Ç —Å–∏–ª—ã
–ü–æ–Ω—è–ª
–¢—ã –ë–æ–¥—è –ø—Ä–µ–∑—É –Ω–µ –¥–µ–ª–∞–ª?","–ï—â–µ –Ω–µ—Ç
–Ø –≤–∏—Ç–∞–ª–∏–Ω—É –ø–æ–ª 6 –ø—Ä–æ–≤–æ–∂—É
–ò —Å—è–¥—É"
"–ú–± –ø–æ—Å–∏–¥–∏–º —Å–µ–≥–æ–¥–Ω—è
–ü–æ–¥–µ–ª–∞–µ–º —á–µ–Ω–∏—Ç—å","–Ø –≤ 21.30 –æ—Å–≤–æ–±–æ–∂—É—Å—å, –Ω–æ –Ω–µ —Ñ–∞–∫—Ç —á—Ç–æ —É –º–µ–Ω—è –±—É–¥—É—Ç —Å–∏–ª—ã
–ü–æ–Ω—è–ª
–¢—ã –ë–æ–¥—è –ø—Ä–µ–∑—É –Ω–µ –¥–µ–ª–∞–ª?","–ï—â–µ –Ω–µ—Ç
–Ø –≤–∏—Ç–∞–ª–∏–Ω—É –ø–æ–ª 6 –ø—Ä–æ–≤–æ–∂—É
–ò —Å—è–¥—É",–û–∫–µ–π
"–Ø –≤ 21.30 –æ—Å–≤–æ–±–æ–∂—É—Å—å, –Ω–æ –Ω–µ —Ñ–∞–∫—Ç —á—Ç–æ —É –º–µ–Ω—è –±—É–¥—É—Ç —Å–∏–ª—ã
–ü–æ–Ω—è–ª
–¢—ã –ë–æ–¥—è –ø—Ä–µ–∑—É –Ω–µ –¥–µ–ª–∞–ª?","–ï—â–µ –Ω–µ—Ç
–Ø –≤–∏—Ç–∞–ª–∏–Ω—É –ø–æ–ª 6 –ø—Ä–æ–≤–æ–∂—É
–ò —Å—è–¥—É",–û–∫–µ–π,"–Ø –ü–†–ò–ï–î–£
–ù–æ –∫ —á–∞—Å–∞–º 8
–î–∞–∂–µ –∫ 7"
"–ï—â–µ –Ω–µ—Ç
–Ø –≤–∏—Ç–∞–ª–∏–Ω—É –ø–æ–ª 6 –ø—Ä–æ–≤–æ–∂—É
–ò —Å—è–¥—É",–û–∫–µ–π,"–Ø –ü–†–ò–ï–î–£
–ù–æ –∫ —á–∞—Å–∞–º 8
–î–∞–∂–µ –∫ 7","–ù—É
–ü–æ–ª—É—á–∞–µ—Ç—Å—è –≤ 21.30 –≤ –¥–∏—Å–∫–æ—Ä–¥–µ"
–û–∫–µ–π,"–Ø –ü–†–ò–ï–î–£
–ù–æ –∫ —á–∞—Å–∞–º 8
–î–∞–∂–µ –∫ 7","–ù—É
–ü–æ–ª—É—á–∞–µ—Ç—Å—è –≤ 21.30 –≤ –¥–∏—Å–∫–æ—Ä–¥–µ",–£—Ä–∞ —Ç–æ–≤–∞—Ä–∏—â–∏
"–Ø –ü–†–ò–ï–î–£
–ù–æ –∫ —á–∞—Å–∞–º 8
–î–∞–∂–µ –∫ 7","–ù—É
–ü–æ–ª—É—á–∞–µ—Ç—Å—è –≤ 21.30 –≤ –¥–∏—Å–∫–æ—Ä–¥–µ",–£—Ä–∞ —Ç–æ–≤–∞—Ä–∏—â–∏,"–ñ–µ–Ω—â–∏–Ω–∞ –≥—Ä–∞–Ω—Ç
–ü–∞–ø—Ö"
"–ù—É
–ü–æ–ª—É—á–∞–µ—Ç—Å—è –≤ 21.30 –≤ –¥–∏—Å–∫–æ—Ä–¥–µ",–£—Ä–∞ —Ç–æ–≤–∞—Ä–∏—â–∏,"–ñ–µ–Ω—â–∏–Ω–∞ –≥—Ä–∞–Ω—Ç
–ü–∞–ø—Ö",–ù–∞ –ø–æ–∫—É–ø–∞—é—Ç —Å–≤–æ–∏ —Å–∞–æ–º–∏ —Ä–µ–¥–º–∏ –Ω–æ—É—Ç 7
–£—Ä–∞ —Ç–æ–≤–∞—Ä–∏—â–∏,"–ñ–µ–Ω—â–∏–Ω–∞ –≥—Ä–∞–Ω—Ç
–ü–∞–ø—Ö",–ù–∞ –ø–æ–∫—É–ø–∞—é—Ç —Å–≤–æ–∏ —Å–∞–æ–º–∏ —Ä–µ–¥–º–∏ –Ω–æ—É—Ç 7,"–ê—Ö—Ö–∞—Ö–∞—Ö–∞–∞
–ë–ª—è—Ç—å
–ï–≥–æ —Å—Ä–æ—á–Ω–æ –Ω–∞–¥–æ –º–µ–Ω—è—Ç—å
–ü—Ä—è–º —Å—Ä–æ—á–Ω–æ
–≠–∫—Ä–∞–Ω—É –ø–∏–∑–¥–∞
–¢–æ—á–Ω–µ–µ –¥–∞—Ç—á–∏–∫–∞ –∫–æ—Ç–æ—Ä—ã–π –æ—Ç–≤–µ—á–∞–µ—Ç –∑–∞ –Ω–∞–∂–∞—Ç–∏–µ –Ω–∞ —ç–∫—Ä–∞–Ω
–ï–º—É –ø–∏–∑–¥–µ—Ü"
"–ñ–µ–Ω—â–∏–Ω–∞ –≥—Ä–∞–Ω—Ç
–ü–∞–ø—Ö",–ù–∞ –ø–æ–∫—É–ø–∞—é—Ç —Å–≤–æ–∏ —Å–∞–æ–º–∏ —Ä–µ–¥–º–∏ –Ω–æ—É—Ç 7,"–ê—Ö—Ö–∞—Ö–∞—Ö–∞–∞
–ë–ª—è—Ç—å
–ï–≥–æ —Å—Ä–æ—á–Ω–æ –Ω–∞–¥–æ –º–µ–Ω—è—Ç—å
–ü—Ä—è–º —Å—Ä–æ—á–Ω–æ
–≠–∫—Ä–∞–Ω—É –ø–∏–∑–¥–∞
–¢–æ—á–Ω–µ–µ –¥–∞—Ç—á–∏–∫–∞ –∫–æ—Ç–æ—Ä—ã–π –æ—Ç–≤–µ—á–∞–µ—Ç –∑–∞ –Ω–∞–∂–∞—Ç–∏–µ –Ω–∞ —ç–∫—Ä–∞–Ω
–ï–º—É –ø–∏–∑–¥–µ—Ü",–ö—É–ø–∏ –∞–π—Ñ–æ–Ω
–ù–∞ –ø–æ–∫—É–ø–∞—é—Ç —Å–≤–æ–∏ —Å–∞–æ–º–∏ —Ä–µ–¥–º–∏ –Ω–æ—É—Ç 7,"–ê—Ö—Ö–∞—Ö–∞—Ö–∞–∞
–ë–ª—è—Ç—å
–ï–≥–æ —Å—Ä–æ—á–Ω–æ –Ω–∞–¥–æ –º–µ–Ω—è—Ç—å
–ü—Ä—è–º —Å—Ä–æ—á–Ω–æ
–≠–∫—Ä–∞–Ω—É –ø–∏–∑–¥–∞
–¢–æ—á–Ω–µ–µ –¥–∞—Ç—á–∏–∫–∞ –∫–æ—Ç–æ—Ä—ã–π –æ—Ç–≤–µ—á–∞–µ—Ç –∑–∞ –Ω–∞–∂–∞—Ç–∏–µ –Ω–∞ —ç–∫—Ä–∞–Ω
–ï–º—É –ø–∏–∑–¥–µ—Ü",–ö—É–ø–∏ –∞–π—Ñ–æ–Ω,"–û–Ω –º–æ–∂–µ—Ç —Ä–µ–∑–∫–æ –ø–µ—Ä–µ—Å—Ç–∞—Ç—å —Ä–µ–∞–≥–∏—Ä–æ–≤–∞—Ç—å —Ç—É–ø–æ –Ω–∞ –Ω–∞–∂–∞—Ç–∏—è 
–ú–æ–∂–µ—Ç –≤–æ–æ–±—â–µ —Ä–∞–Ω–¥–æ–º–Ω—ã–µ –∫–Ω–æ–ø–∫–∏ –Ω–∞–∂–∏–º–∞—Ç—å"
"–ê—Ö—Ö–∞—Ö–∞—Ö–∞–∞
–ë–ª—è—Ç—å
–ï–≥–æ —Å—Ä–æ—á–Ω–æ –Ω–∞–¥–æ –º–µ–Ω—è—Ç—å
–ü—Ä—è–º —Å—Ä–æ—á–Ω–æ
–≠–∫—Ä–∞–Ω—É –ø–∏–∑–¥–∞
–¢–æ—á–Ω–µ–µ –¥–∞—Ç—á–∏–∫–∞ –∫–æ—Ç–æ—Ä—ã–π –æ—Ç–≤–µ—á–∞–µ—Ç –∑–∞ –Ω–∞–∂–∞—Ç–∏–µ –Ω–∞ —ç–∫—Ä–∞–Ω
–ï–º—É –ø–∏–∑–¥–µ—Ü",–ö—É–ø–∏ –∞–π—Ñ–æ–Ω,"–û–Ω –º–æ–∂–µ—Ç —Ä–µ–∑–∫–æ –ø–µ—Ä–µ—Å—Ç–∞—Ç—å —Ä–µ–∞–≥–∏—Ä–æ–≤–∞—Ç—å —Ç—É–ø–æ –Ω–∞ –Ω–∞–∂–∞—Ç–∏—è 
–ú–æ–∂–µ—Ç –≤–æ–æ–±—â–µ —Ä–∞–Ω–¥–æ–º–Ω—ã–µ –∫–Ω–æ–ø–∫–∏ –Ω–∞–∂–∏–º–∞—Ç—å",–ù–µ –ø–æ–∂–∞–ª–µ–µ—à—å
–ö—É–ø–∏ –∞–π—Ñ–æ–Ω,"–û–Ω –º–æ–∂–µ—Ç —Ä–µ–∑–∫–æ –ø–µ—Ä–µ—Å—Ç–∞—Ç—å —Ä–µ–∞–≥–∏—Ä–æ–≤–∞—Ç—å —Ç—É–ø–æ –Ω–∞ –Ω–∞–∂–∞—Ç–∏—è 
–ú–æ–∂–µ—Ç –≤–æ–æ–±—â–µ —Ä–∞–Ω–¥–æ–º–Ω—ã–µ –∫–Ω–æ–ø–∫–∏ –Ω–∞–∂–∏–º–∞—Ç—å",–ù–µ –ø–æ–∂–∞–ª–µ–µ—à—å,"–î–∞ —è —Å–∫–æ—Ä–µ–µ –≤—Å–µ–≥–æ —Å–∞–º—Å—É–Ω–≥ –±—É–¥—É –±—Ä–∞—Ç—å –µ—Å–ª–∏ –±—É–¥—É
–ù–∞—Ö—É–π —Ä–∞–¥–æ
–°–∏–¥–∏—à—å –±–µ–∑ –°–±–µ—Ä–∞
–ë–µ–∑ —Ç–∏–∫ —Ç–æ–∫–∞
–ë–µ–∑ –Ω–∏—Ö—É—è –ø–æ—á—Ç–∏"
"–û–Ω –º–æ–∂–µ—Ç —Ä–µ–∑–∫–æ –ø–µ—Ä–µ—Å—Ç–∞—Ç—å —Ä–µ–∞–≥–∏—Ä–æ–≤–∞—Ç—å —Ç—É–ø–æ –Ω–∞ –Ω–∞–∂–∞—Ç–∏—è 
–ú–æ–∂–µ—Ç –≤–æ–æ–±—â–µ —Ä–∞–Ω–¥–æ–º–Ω—ã–µ –∫–Ω–æ–ø–∫–∏ –Ω–∞–∂–∏–º–∞—Ç—å",–ù–µ –ø–æ–∂–∞–ª–µ–µ—à—å,"–î–∞ —è —Å–∫–æ—Ä–µ–µ –≤—Å–µ–≥–æ —Å–∞–º—Å—É–Ω–≥ –±—É–¥—É –±—Ä–∞—Ç—å –µ—Å–ª–∏ –±—É–¥—É
–ù–∞—Ö—É–π —Ä–∞–¥–æ
–°–∏–¥–∏—à—å –±–µ–∑ –°–±–µ—Ä–∞
–ë–µ–∑ —Ç–∏–∫ —Ç–æ–∫–∞
–ë–µ–∑ –Ω–∏—Ö—É—è –ø–æ—á—Ç–∏","–£ –º–µ–Ω—è –≤—Å–µ
–ï—Å—Ç—å
–ò –°–±–µ—Ä–±–∞–Ω–∫
–ò —Ç–∏–∫ —Ç–æ–∫"
,,,–ö–∞–∫ –ø–æ—Å—Ç–∞–≤–∏–ª?
,,–ö–∞–∫ –ø–æ—Å—Ç–∞–≤–∏–ª?,–°–±–µ—Ä —Å—Ç–∞–≤–∏—à—å
,,,–¢—ã —Ç–∏–∫ —Ç–æ–∫ –∫–∞–∂–¥—É—é –Ω–µ–¥–µ–ª—é –Ω–æ–≤—ã–π —Å—Ç–∞–≤–∏—à—å?
,,–¢—ã —Ç–∏–∫ —Ç–æ–∫ –∫–∞–∂–¥—É—é –Ω–µ–¥–µ–ª—é –Ω–æ–≤—ã–π —Å—Ç–∞–≤–∏—à—å?,–î–∞ —É –º–µ–Ω—è –Ω–µ —Ç—Ç –º–æ–¥
,,,–ù—É —Ç–∏–ø–æ —Å –Ω–æ—É—Ç–æ–º –µ–±–µ—à—å—Å—è
,,–ù—É —Ç–∏–ø–æ —Å –Ω–æ—É—Ç–æ–º –µ–±–µ—à—å—Å—è,–ê –≤–æ—Ç –Ω–∞–¥–æ –∑–Ω–∞—Ç—å
,–ù—É —Ç–∏–ø–æ —Å –Ω–æ—É—Ç–æ–º –µ–±–µ—à—å—Å—è,–ê –≤–æ—Ç –Ω–∞–¥–æ –∑–Ω–∞—Ç—å,"–ê –≤–æ—Ç —è –Ω–µ —Ö–æ—á—É –∑–Ω–∞—Ç—å
–ü–æ—ç—Ç–æ–º—É —Ö–æ—á—É —Å–∞–º—Å—É–Ω–≥"
–ù—É —Ç–∏–ø–æ —Å –Ω–æ—É—Ç–æ–º –µ–±–µ—à—å—Å—è,–ê –≤–æ—Ç –Ω–∞–¥–æ –∑–Ω–∞—Ç—å,"–ê –≤–æ—Ç —è –Ω–µ —Ö–æ—á—É –∑–Ω–∞—Ç—å
–ü–æ—ç—Ç–æ–º—É —Ö–æ—á—É —Å–∞–º—Å—É–Ω–≥","–ß–µ—Ä–µ–∑ –æ—Ç–¥–µ–ª–µ–Ω–∏–µ
–°–±–µ—Ä–∞
–ò–¥–µ—à—å
–ó–∞ 15 —Å–µ–∫—É–Ω–¥ —Å—Ç–∞–≤—è—Ç"
–ê –≤–æ—Ç –Ω–∞–¥–æ –∑–Ω–∞—Ç—å,"–ê –≤–æ—Ç —è –Ω–µ —Ö–æ—á—É –∑–Ω–∞—Ç—å
–ü–æ—ç—Ç–æ–º—É —Ö–æ—á—É —Å–∞–º—Å—É–Ω–≥","–ß–µ—Ä–µ–∑ –æ—Ç–¥–µ–ª–µ–Ω–∏–µ
–°–±–µ—Ä–∞
–ò–¥–µ—à—å
–ó–∞ 15 —Å–µ–∫—É–Ω–¥ —Å—Ç–∞–≤—è—Ç","–ê—Ö–ø—Ö
–ê –≤ –∞–Ω–¥—Ä–æ–µ–¥–µ –æ–Ω —Å—Ç–∞–≤–∏—Ç—Å—è –∑–∞ 15 —Å–µ–∫—É–Ω–¥ –∏ –±–µ–∑ —Ö–æ–¥—å–±—ã"
"–ê –≤–æ—Ç —è –Ω–µ —Ö–æ—á—É –∑–Ω–∞—Ç—å
–ü–æ—ç—Ç–æ–º—É —Ö–æ—á—É —Å–∞–º—Å—É–Ω–≥","–ß–µ—Ä–µ–∑ –æ—Ç–¥–µ–ª–µ–Ω–∏–µ
–°–±–µ—Ä–∞
–ò–¥–µ—à—å
–ó–∞ 15 —Å–µ–∫—É–Ω–¥ —Å—Ç–∞–≤—è—Ç","–ê—Ö–ø—Ö
–ê –≤ –∞–Ω–¥—Ä–æ–µ–¥–µ –æ–Ω —Å—Ç–∞–≤–∏—Ç—Å—è –∑–∞ 15 —Å–µ–∫—É–Ω–¥ –∏ –±–µ–∑ —Ö–æ–¥—å–±—ã","–ê –Ω–∞ —Ç–≤–æ–µ–º –∞–Ω–¥—Ä–æ–∏–¥–µ
–ï—Å—Ç—å –∞–∏—Ä –¥—Ä–æ–ø ?
–ê—Ö–∞—Ö–∞—Ö–∞"
"–ß–µ—Ä–µ–∑ –æ—Ç–¥–µ–ª–µ–Ω–∏–µ
–°–±–µ—Ä–∞
–ò–¥–µ—à—å
–ó–∞ 15 —Å–µ–∫—É–Ω–¥ —Å—Ç–∞–≤—è—Ç","–ê—Ö–ø—Ö
–ê –≤ –∞–Ω–¥—Ä–æ–µ–¥–µ –æ–Ω —Å—Ç–∞–≤–∏—Ç—Å—è –∑–∞ 15 —Å–µ–∫—É–Ω–¥ –∏ –±–µ–∑ —Ö–æ–¥—å–±—ã","–ê –Ω–∞ —Ç–≤–æ–µ–º –∞–Ω–¥—Ä–æ–∏–¥–µ
–ï—Å—Ç—å –∞–∏—Ä –¥—Ä–æ–ø ?
–ê—Ö–∞—Ö–∞—Ö–∞","–ø–∞—Ä–æ—á–∫—É
–æ—Ä–≥–∞–Ω–∏–∑—É–µ—à—å?"
"–ê—Ö–ø—Ö
–ê –≤ –∞–Ω–¥—Ä–æ–µ–¥–µ –æ–Ω —Å—Ç–∞–≤–∏—Ç—Å—è –∑–∞ 15 —Å–µ–∫—É–Ω–¥ –∏ –±–µ–∑ —Ö–æ–¥—å–±—ã","–ê –Ω–∞ —Ç–≤–æ–µ–º –∞–Ω–¥—Ä–æ–∏–¥–µ
–ï—Å—Ç—å –∞–∏—Ä –¥—Ä–æ–ø ?
–ê—Ö–∞—Ö–∞—Ö–∞","–ø–∞—Ä–æ—á–∫—É
–æ—Ä–≥–∞–Ω–∏–∑—É–µ—à—å?","–î–∞, —Å–µ–∫
6d9eeb
0145ac"
"–ê –Ω–∞ —Ç–≤–æ–µ–º –∞–Ω–¥—Ä–æ–∏–¥–µ
–ï—Å—Ç—å –∞–∏—Ä –¥—Ä–æ–ø ?
–ê—Ö–∞—Ö–∞—Ö–∞","–ø–∞—Ä–æ—á–∫—É
–æ—Ä–≥–∞–Ω–∏–∑—É–µ—à—å?","–î–∞, —Å–µ–∫
6d9eeb
0145ac",—è –∑–∞ —ç—Ç–æ—Ç
"–ø–∞—Ä–æ—á–∫—É
–æ—Ä–≥–∞–Ω–∏–∑—É–µ—à—å?","–î–∞, —Å–µ–∫
6d9eeb
0145ac",—è –∑–∞ —ç—Ç–æ—Ç,"–ö—Å—Ç–∞, –µ—Å–ª–∏ —É –Ω–∞—Å —Å–ø—Ä–æ—Å—è—Ç ""–ö—É–¥–∞ –≤—ã –ø–æ—Ç—Ä–∞—Ç–∏—Ç–µ –≥—Ä–∞–Ω—Ç?"", —Ç–æ –º–æ–∂–Ω–æ –æ—Ç–≤–µ—Ç–∏—Ç—å, –Ω–∞ –≥—Ä–∞—Ñ–∏—á–µ—Å–∫–æ–≥–æ –¥–∏–∑–∞–π–Ω–µ—Ä–∞"
"–î–∞, —Å–µ–∫
6d9eeb
0145ac",—è –∑–∞ —ç—Ç–æ—Ç,"–ö—Å—Ç–∞, –µ—Å–ª–∏ —É –Ω–∞—Å —Å–ø—Ä–æ—Å—è—Ç ""–ö—É–¥–∞ –≤—ã –ø–æ—Ç—Ä–∞—Ç–∏—Ç–µ –≥—Ä–∞–Ω—Ç?"", —Ç–æ –º–æ–∂–Ω–æ –æ—Ç–≤–µ—Ç–∏—Ç—å, –Ω–∞ –≥—Ä–∞—Ñ–∏—á–µ—Å–∫–æ–≥–æ –¥–∏–∑–∞–π–Ω–µ—Ä–∞","—Ö–ø–∞—Ö–∞–ø
—Ä–∏–ª"
—è –∑–∞ —ç—Ç–æ—Ç,"–ö—Å—Ç–∞, –µ—Å–ª–∏ —É –Ω–∞—Å —Å–ø—Ä–æ—Å—è—Ç ""–ö—É–¥–∞ –≤—ã –ø–æ—Ç—Ä–∞—Ç–∏—Ç–µ –≥—Ä–∞–Ω—Ç?"", —Ç–æ –º–æ–∂–Ω–æ –æ—Ç–≤–µ—Ç–∏—Ç—å, –Ω–∞ –≥—Ä–∞—Ñ–∏—á–µ—Å–∫–æ–≥–æ –¥–∏–∑–∞–π–Ω–µ—Ä–∞","—Ö–ø–∞—Ö–∞–ø
—Ä–∏–ª","–í—ã –≤ –¥–∏—Å–µ?
–Ø –¥–æ–º–∞ –ø—Ä–æ—Å—Ç–æ"
"–ö—Å—Ç–∞, –µ—Å–ª–∏ —É –Ω–∞—Å —Å–ø—Ä–æ—Å—è—Ç ""–ö—É–¥–∞ –≤—ã –ø–æ—Ç—Ä–∞—Ç–∏—Ç–µ –≥—Ä–∞–Ω—Ç?"", —Ç–æ –º–æ–∂–Ω–æ –æ—Ç–≤–µ—Ç–∏—Ç—å, –Ω–∞ –≥—Ä–∞—Ñ–∏—á–µ—Å–∫–æ–≥–æ –¥–∏–∑–∞–π–Ω–µ—Ä–∞","—Ö–ø–∞—Ö–∞–ø
—Ä–∏–ª","–í—ã –≤ –¥–∏—Å–µ?
–Ø –¥–æ–º–∞ –ø—Ä–æ—Å—Ç–æ","–Ω–µ—Ç
—É–∂–µ"
"—Ö–ø–∞—Ö–∞–ø
—Ä–∏–ª","–í—ã –≤ –¥–∏—Å–µ?
–Ø –¥–æ–º–∞ –ø—Ä–æ—Å—Ç–æ","–Ω–µ—Ç
—É–∂–µ",–ß–µ—Ä–µ–∑ —Å–∫–æ–ª—å–∫–æ?
"–í—ã –≤ –¥–∏—Å–µ?
–Ø –¥–æ–º–∞ –ø—Ä–æ—Å—Ç–æ","–Ω–µ—Ç
—É–∂–µ",–ß–µ—Ä–µ–∑ —Å–∫–æ–ª—å–∫–æ?,"–Ω–æ —è –º–æ–≥—É –Ω–∞ 15 –º–∏–Ω—É—Ç –∑–∞–π—Ç–∏
–ø–æ—Ç–æ–º –≤ 21.30 –æ—Å–≤–æ–±–æ–∂—É—Å—å
–∏ —Å–Ω–æ–≤–∞ –º–æ–≥—É –∑–∞–π—Ç–∏"
"–Ω–µ—Ç
—É–∂–µ",–ß–µ—Ä–µ–∑ —Å–∫–æ–ª—å–∫–æ?,"–Ω–æ —è –º–æ–≥—É –Ω–∞ 15 –º–∏–Ω—É—Ç –∑–∞–π—Ç–∏
–ø–æ—Ç–æ–º –≤ 21.30 –æ—Å–≤–æ–±–æ–∂—É—Å—å
–∏ —Å–Ω–æ–≤–∞ –º–æ–≥—É –∑–∞–π—Ç–∏",–î–∞–≤–∞–π —Ç–æ–≥–¥–∞ –≤ 21:30 –∑–∞—Å—è–¥–µ–º
–ß–µ—Ä–µ–∑ —Å–∫–æ–ª—å–∫–æ?,"–Ω–æ —è –º–æ–≥—É –Ω–∞ 15 –º–∏–Ω—É—Ç –∑–∞–π—Ç–∏
–ø–æ—Ç–æ–º –≤ 21.30 –æ—Å–≤–æ–±–æ–∂—É—Å—å
–∏ —Å–Ω–æ–≤–∞ –º–æ–≥—É –∑–∞–π—Ç–∏",–î–∞–≤–∞–π —Ç–æ–≥–¥–∞ –≤ 21:30 –∑–∞—Å—è–¥–µ–º,"–æ–∫–∏
–õ–æ–≥–æ –≤—Å—Ç–∞–≤–∏–ª –≤ –ø—Ä–µ–∑—É
–≤—Ä–æ–¥–µ –∑–∞–µ–±–∏—Å—å
—â–∞ –µ—â–µ –¥—Ä—É–≥–∏–µ —Ü–≤–µ—Ç–∞ –ø–æ—Ç–µ—Å—á—É
—Ç–µ–ø–µ—Ä—å –Ω–∞–¥–æ –ø—Ä–∏–¥—É–º–∞—Ç—å –∫–∞–∫ –µ–≥–æ –Ω–∞ —Ç–∏—Ç—É–ª—å–Ω–∏–∫ –≤—Å—Ç–∞–≤–∏—Ç—å
–ø–æ—Å–º–æ—Ç—Ä–∏—Ç–µ –Ω–∞ –¥–æ—Å—É–≥–µ"
"–Ω–æ —è –º–æ–≥—É –Ω–∞ 15 –º–∏–Ω—É—Ç –∑–∞–π—Ç–∏
–ø–æ—Ç–æ–º –≤ 21.30 –æ—Å–≤–æ–±–æ–∂—É—Å—å
–∏ —Å–Ω–æ–≤–∞ –º–æ–≥—É –∑–∞–π—Ç–∏",–î–∞–≤–∞–π —Ç–æ–≥–¥–∞ –≤ 21:30 –∑–∞—Å—è–¥–µ–º,"–æ–∫–∏
–õ–æ–≥–æ –≤—Å—Ç–∞–≤–∏–ª –≤ –ø—Ä–µ–∑—É
–≤—Ä–æ–¥–µ –∑–∞–µ–±–∏—Å—å
—â–∞ –µ—â–µ –¥—Ä—É–≥–∏–µ —Ü–≤–µ—Ç–∞ –ø–æ—Ç–µ—Å—á—É
—Ç–µ–ø–µ—Ä—å –Ω–∞–¥–æ –ø—Ä–∏–¥—É–º–∞—Ç—å –∫–∞–∫ –µ–≥–æ –Ω–∞ —Ç–∏—Ç—É–ª—å–Ω–∏–∫ –≤—Å—Ç–∞–≤–∏—Ç—å
–ø–æ—Å–º–æ—Ç—Ä–∏—Ç–µ –Ω–∞ –¥–æ—Å—É–≥–µ","–º–æ–∂–Ω–æ –ø–æ–ø—Ä–æ–±–æ–≤–∞—Ç—å —Ç–∞–∫ –ø–æ–∏–≥—Ä–∞—Ç—å—Å—è, –µ—Å–ª–∏ –Ω–æ—Ä–º..
—Ç–∏–ø–∞ –ø–æ–¥ –∫—É–±–∏–∫–∏ —Ç–µ–∫—Å—Ç
–∏ —Ç–∞–º –ø–æ —Å–µ—Ä–µ–¥–µ–Ω–∏–µ
–Ω—É –∫–∞–∫ –≤–∞—Ä–∏–∞–Ω—Ç"
–î–∞–≤–∞–π —Ç–æ–≥–¥–∞ –≤ 21:30 –∑–∞—Å—è–¥–µ–º,"–æ–∫–∏
–õ–æ–≥–æ –≤—Å—Ç–∞–≤–∏–ª –≤ –ø—Ä–µ–∑—É
–≤—Ä–æ–¥–µ –∑–∞–µ–±–∏—Å—å
—â–∞ –µ—â–µ –¥—Ä—É–≥–∏–µ —Ü–≤–µ—Ç–∞ –ø–æ—Ç–µ—Å—á—É
—Ç–µ–ø–µ—Ä—å –Ω–∞–¥–æ –ø—Ä–∏–¥—É–º–∞—Ç—å –∫–∞–∫ –µ–≥–æ –Ω–∞ —Ç–∏—Ç—É–ª—å–Ω–∏–∫ –≤—Å—Ç–∞–≤–∏—Ç—å
–ø–æ—Å–º–æ—Ç—Ä–∏—Ç–µ –Ω–∞ –¥–æ—Å—É–≥–µ","–º–æ–∂–Ω–æ –ø–æ–ø—Ä–æ–±–æ–≤–∞—Ç—å —Ç–∞–∫ –ø–æ–∏–≥—Ä–∞—Ç—å—Å—è, –µ—Å–ª–∏ –Ω–æ—Ä–º..
—Ç–∏–ø–∞ –ø–æ–¥ –∫—É–±–∏–∫–∏ —Ç–µ–∫—Å—Ç
–∏ —Ç–∞–º –ø–æ —Å–µ—Ä–µ–¥–µ–Ω–∏–µ
–Ω—É –∫–∞–∫ –≤–∞—Ä–∏–∞–Ω—Ç",–ö–∞–∫ –≤—â –ª–æ–≥–æ—Ç–∏–ø?
"–æ–∫–∏
–õ–æ–≥–æ –≤—Å—Ç–∞–≤–∏–ª –≤ –ø—Ä–µ–∑—É
–≤—Ä–æ–¥–µ –∑–∞–µ–±–∏—Å—å
—â–∞ –µ—â–µ –¥—Ä—É–≥–∏–µ —Ü–≤–µ—Ç–∞ –ø–æ—Ç–µ—Å—á—É
—Ç–µ–ø–µ—Ä—å –Ω–∞–¥–æ –ø—Ä–∏–¥—É–º–∞—Ç—å –∫–∞–∫ –µ–≥–æ –Ω–∞ —Ç–∏—Ç—É–ª—å–Ω–∏–∫ –≤—Å—Ç–∞–≤–∏—Ç—å
–ø–æ—Å–º–æ—Ç—Ä–∏—Ç–µ –Ω–∞ –¥–æ—Å—É–≥–µ","–º–æ–∂–Ω–æ –ø–æ–ø—Ä–æ–±–æ–≤–∞—Ç—å —Ç–∞–∫ –ø–æ–∏–≥—Ä–∞—Ç—å—Å—è, –µ—Å–ª–∏ –Ω–æ—Ä–º..
—Ç–∏–ø–∞ –ø–æ–¥ –∫—É–±–∏–∫–∏ —Ç–µ–∫—Å—Ç
–∏ —Ç–∞–º –ø–æ —Å–µ—Ä–µ–¥–µ–Ω–∏–µ
–Ω—É –∫–∞–∫ –≤–∞—Ä–∏–∞–Ω—Ç",–ö–∞–∫ –≤—â –ª–æ–≥–æ—Ç–∏–ø?,–æ–≥–æ–Ω—å
"–º–æ–∂–Ω–æ –ø–æ–ø—Ä–æ–±–æ–≤–∞—Ç—å —Ç–∞–∫ –ø–æ–∏–≥—Ä–∞—Ç—å—Å—è, –µ—Å–ª–∏ –Ω–æ—Ä–º..
—Ç–∏–ø–∞ –ø–æ–¥ –∫—É–±–∏–∫–∏ —Ç–µ–∫—Å—Ç
–∏ —Ç–∞–º –ø–æ —Å–µ—Ä–µ–¥–µ–Ω–∏–µ
–Ω—É –∫–∞–∫ –≤–∞—Ä–∏–∞–Ω—Ç",–ö–∞–∫ –≤—â –ª–æ–≥–æ—Ç–∏–ø?,–æ–≥–æ–Ω—å,–∫–∞–π—Ñ
–ö–∞–∫ –≤—â –ª–æ–≥–æ—Ç–∏–ø?,–æ–≥–æ–Ω—å,–∫–∞–π—Ñ,–ú–Ω–µ –Ω—Ä–∞–≤–∏—Ç—Å—è
–æ–≥–æ–Ω—å,–∫–∞–π—Ñ,–ú–Ω–µ –Ω—Ä–∞–≤–∏—Ç—Å—è,"–í–õ–∞–¥
–∑–∞—Ö–æ–¥–∏
–±–æ–¥—è —Ç–æ–∂–µ
–¥–∞ –∏ –º–∞–∫—Å –µ—Å —Ö–æ—à
—Ö–∞–∞—Ö—Ö–∞"
–∫–∞–π—Ñ,–ú–Ω–µ –Ω—Ä–∞–≤–∏—Ç—Å—è,"–í–õ–∞–¥
–∑–∞—Ö–æ–¥–∏
–±–æ–¥—è —Ç–æ–∂–µ
–¥–∞ –∏ –º–∞–∫—Å –µ—Å —Ö–æ—à
—Ö–∞–∞—Ö—Ö–∞",–û–∫–µ–π
–ú–Ω–µ –Ω—Ä–∞–≤–∏—Ç—Å—è,"–í–õ–∞–¥
–∑–∞—Ö–æ–¥–∏
–±–æ–¥—è —Ç–æ–∂–µ
–¥–∞ –∏ –º–∞–∫—Å –µ—Å —Ö–æ—à
—Ö–∞–∞—Ö—Ö–∞",–û–∫–µ–π,"—â–∞ —É –º–µ–Ω—è —É—á–µ–Ω–∏—Ü–∞ —Ä–æ–¥–∏—Ç –æ—Ç–≤–µ—Ç
–∏ —è –∑–∞–π–¥—É
—Ç—ã –≥–¥–µ —Å–µ–±–µ–∫008"
"–í–õ–∞–¥
–∑–∞—Ö–æ–¥–∏
–±–æ–¥—è —Ç–æ–∂–µ
–¥–∞ –∏ –º–∞–∫—Å –µ—Å —Ö–æ—à
—Ö–∞–∞—Ö—Ö–∞",–û–∫–µ–π,"—â–∞ —É –º–µ–Ω—è —É—á–µ–Ω–∏—Ü–∞ —Ä–æ–¥–∏—Ç –æ—Ç–≤–µ—Ç
–∏ —è –∑–∞–π–¥—É
—Ç—ã –≥–¥–µ —Å–µ–±–µ–∫008","–±–ª—è
–º–∞—Ä–∞—Ç —Å–∞–º —Å —Å–æ–±–æ–π —Ä–∞–∑–≥–æ–≤–∞—Ä–∏–≤–∞–µ—Ç ..."
–û–∫–µ–π,"—â–∞ —É –º–µ–Ω—è —É—á–µ–Ω–∏—Ü–∞ —Ä–æ–¥–∏—Ç –æ—Ç–≤–µ—Ç
–∏ —è –∑–∞–π–¥—É
—Ç—ã –≥–¥–µ —Å–µ–±–µ–∫008","–±–ª—è
–º–∞—Ä–∞—Ç —Å–∞–º —Å —Å–æ–±–æ–π —Ä–∞–∑–≥–æ–≤–∞—Ä–∏–≤–∞–µ—Ç ...",–≤—Ö–≤—Ö–≤—Ö
"—â–∞ —É –º–µ–Ω—è —É—á–µ–Ω–∏—Ü–∞ —Ä–æ–¥–∏—Ç –æ—Ç–≤–µ—Ç
–∏ —è –∑–∞–π–¥—É
—Ç—ã –≥–¥–µ —Å–µ–±–µ–∫008","–±–ª—è
–º–∞—Ä–∞—Ç —Å–∞–º —Å —Å–æ–±–æ–π —Ä–∞–∑–≥–æ–≤–∞—Ä–∏–≤–∞–µ—Ç ...",–≤—Ö–≤—Ö–≤—Ö,"–ë–æ–≥–¥–∞–Ω, –Ω–∞–ø–∏—à–µ—à—å –¥–µ–≤—É—à–∫–µ –≥—Ä–∞–Ω—Ç—É?)
–í 12 –ø–æ–∫–∞–∂–µ–º –ø—Ä–µ–∑—É"
"–±–ª—è
–º–∞—Ä–∞—Ç —Å–∞–º —Å —Å–æ–±–æ–π —Ä–∞–∑–≥–æ–≤–∞—Ä–∏–≤–∞–µ—Ç ...",–≤—Ö–≤—Ö–≤—Ö,"–ë–æ–≥–¥–∞–Ω, –Ω–∞–ø–∏—à–µ—à—å –¥–µ–≤—É—à–∫–µ –≥—Ä–∞–Ω—Ç—É?)
–í 12 –ø–æ–∫–∞–∂–µ–º –ø—Ä–µ–∑—É",–ñ–µ–Ω—â–∏–Ω–∞!
–≤—Ö–≤—Ö–≤—Ö,"–ë–æ–≥–¥–∞–Ω, –Ω–∞–ø–∏—à–µ—à—å –¥–µ–≤—É—à–∫–µ –≥—Ä–∞–Ω—Ç—É?)
–í 12 –ø–æ–∫–∞–∂–µ–º –ø—Ä–µ–∑—É",–ñ–µ–Ω—â–∏–Ω–∞!,—Ö–∞–ø—Ö–∞
"–ë–æ–≥–¥–∞–Ω, –Ω–∞–ø–∏—à–µ—à—å –¥–µ–≤—É—à–∫–µ –≥—Ä–∞–Ω—Ç—É?)
–í 12 –ø–æ–∫–∞–∂–µ–º –ø—Ä–µ–∑—É",–ñ–µ–Ω—â–∏–Ω–∞!,—Ö–∞–ø—Ö–∞,–∞—Ö–∞—Ö—Ö–∞—Ö–∞
–ñ–µ–Ω—â–∏–Ω–∞!,—Ö–∞–ø—Ö–∞,–∞—Ö–∞—Ö—Ö–∞—Ö–∞,–õ–∞–¥–∞
—Ö–∞–ø—Ö–∞,–∞—Ö–∞—Ö—Ö–∞—Ö–∞,–õ–∞–¥–∞,"–ñ–µ–Ω—â–∏–Ω–µ*
–≥–æ –≤ –¥–∏—Å"
–∞—Ö–∞—Ö—Ö–∞—Ö–∞,–õ–∞–¥–∞,"–ñ–µ–Ω—â–∏–Ω–µ*
–≥–æ –≤ –¥–∏—Å",–≥–æ
–õ–∞–¥–∞,"–ñ–µ–Ω—â–∏–Ω–µ*
–≥–æ –≤ –¥–∏—Å",–≥–æ,–©–∞ —è –ø—Ä–∏–¥—É
,,,–≤ 2
,,–≤ 2,–í 15.30
,,,—Å–µ–≥–æ–¥–Ω—è
,,—Å–µ–≥–æ–¥–Ω—è,–í—ã —ç—Ç–æ–≥–æ –Ω–µ –≤–∏–¥–µ–ª–∏
,—Å–µ–≥–æ–¥–Ω—è,–í—ã —ç—Ç–æ–≥–æ –Ω–µ –≤–∏–¥–µ–ª–∏,"–Ø –≤—Å—ë –≤–∏–¥–µ–ª
–ê–ª–∫–∞—à
–ê—Ö–∞—Ö–∞—Ö–∞—Ö
–ï—Å–ª–∏ –≤ 2
–Ø –æ—Ç–∫–∏—Å–Ω—É –ø–æ–∫–∞"
—Å–µ–≥–æ–¥–Ω—è,–í—ã —ç—Ç–æ–≥–æ –Ω–µ –≤–∏–¥–µ–ª–∏,"–Ø –≤—Å—ë –≤–∏–¥–µ–ª
–ê–ª–∫–∞—à
–ê—Ö–∞—Ö–∞—Ö–∞—Ö
–ï—Å–ª–∏ –≤ 2
–Ø –æ—Ç–∫–∏—Å–Ω—É –ø–æ–∫–∞",+
–í—ã —ç—Ç–æ–≥–æ –Ω–µ –≤–∏–¥–µ–ª–∏,"–Ø –≤—Å—ë –≤–∏–¥–µ–ª
–ê–ª–∫–∞—à
–ê—Ö–∞—Ö–∞—Ö–∞—Ö
–ï—Å–ª–∏ –≤ 2
–Ø –æ—Ç–∫–∏—Å–Ω—É –ø–æ–∫–∞",+,"–±–æ–ª—å—à–µ –Ω–µ –ø–µ—Ä–µ–Ω–µ—Å—É—Ç?
–∞—Ö–∞—Ö–∞—Ö"
"–Ø –≤—Å—ë –≤–∏–¥–µ–ª
–ê–ª–∫–∞—à
–ê—Ö–∞—Ö–∞—Ö–∞—Ö
–ï—Å–ª–∏ –≤ 2
–Ø –æ—Ç–∫–∏—Å–Ω—É –ø–æ–∫–∞",+,"–±–æ–ª—å—à–µ –Ω–µ –ø–µ—Ä–µ–Ω–µ—Å—É—Ç?
–∞—Ö–∞—Ö–∞—Ö","+
–ú–Ω–µ –≤ –ø–æ–ª 5 –ø—Ä–∏–º–µ—Ä–Ω–æ –Ω–∞–¥–æ –±—É–¥–µ—Ç —É–π—Ç–∏
–ú–± –≤ 3 –æ–Ω–∏ —Å–º–æ–≥—É—Ç? –ü–æ–ø—Ä–æ–±—É–µ—à—å —É–∑–Ω–∞—Ç—å?"
+,"–±–æ–ª—å—à–µ –Ω–µ –ø–µ—Ä–µ–Ω–µ—Å—É—Ç?
–∞—Ö–∞—Ö–∞—Ö","+
–ú–Ω–µ –≤ –ø–æ–ª 5 –ø—Ä–∏–º–µ—Ä–Ω–æ –Ω–∞–¥–æ –±—É–¥–µ—Ç —É–π—Ç–∏
–ú–± –≤ 3 –æ–Ω–∏ —Å–º–æ–≥—É—Ç? –ü–æ–ø—Ä–æ–±—É–µ—à—å —É–∑–Ω–∞—Ç—å?","–í–æ—Ç –¥–∞
–ú–æ–∂–Ω–æ —Ç—É–¥–∞ –ø–æ–ø—Ä–æ–±–æ–≤–∞—Ç—å"
"–±–æ–ª—å—à–µ –Ω–µ –ø–µ—Ä–µ–Ω–µ—Å—É—Ç?
–∞—Ö–∞—Ö–∞—Ö","+
–ú–Ω–µ –≤ –ø–æ–ª 5 –ø—Ä–∏–º–µ—Ä–Ω–æ –Ω–∞–¥–æ –±—É–¥–µ—Ç —É–π—Ç–∏
–ú–± –≤ 3 –æ–Ω–∏ —Å–º–æ–≥—É—Ç? –ü–æ–ø—Ä–æ–±—É–µ—à—å —É–∑–Ω–∞—Ç—å?","–í–æ—Ç –¥–∞
–ú–æ–∂–Ω–æ —Ç—É–¥–∞ –ø–æ–ø—Ä–æ–±–æ–≤–∞—Ç—å","—á –ø–æ –∑—É–º—É
—Å—Å—ã–ª–∫–∞ –±—É–¥–µ—Ç?"
"+
–ú–Ω–µ –≤ –ø–æ–ª 5 –ø—Ä–∏–º–µ—Ä–Ω–æ –Ω–∞–¥–æ –±—É–¥–µ—Ç —É–π—Ç–∏
–ú–± –≤ 3 –æ–Ω–∏ —Å–º–æ–≥—É—Ç? –ü–æ–ø—Ä–æ–±—É–µ—à—å —É–∑–Ω–∞—Ç—å?","–í–æ—Ç –¥–∞
–ú–æ–∂–Ω–æ —Ç—É–¥–∞ –ø–æ–ø—Ä–æ–±–æ–≤–∞—Ç—å","—á –ø–æ –∑—É–º—É
—Å—Å—ã–ª–∫–∞ –±—É–¥–µ—Ç?",—â–∞ —è —Å–æ–∑–¥–∞–º
"–í–æ—Ç –¥–∞
–ú–æ–∂–Ω–æ —Ç—É–¥–∞ –ø–æ–ø—Ä–æ–±–æ–≤–∞—Ç—å","—á –ø–æ –∑—É–º—É
—Å—Å—ã–ª–∫–∞ –±—É–¥–µ—Ç?",—â–∞ —è —Å–æ–∑–¥–∞–º,"–±–æ–≥–¥–∞–Ω
—Ç—ã –≥–¥–µ"
"—á –ø–æ –∑—É–º—É
—Å—Å—ã–ª–∫–∞ –±—É–¥–µ—Ç?",—â–∞ —è —Å–æ–∑–¥–∞–º,"–±–æ–≥–¥–∞–Ω
—Ç—ã –≥–¥–µ",–∑–∞—Ö–æ–∂—É
—â–∞ —è —Å–æ–∑–¥–∞–º,"–±–æ–≥–¥–∞–Ω
—Ç—ã –≥–¥–µ",–∑–∞—Ö–æ–∂—É,–º–æ–∂–µ—à—å –Ω–∞—á–∏–Ω–∞—Ç—å
"–±–æ–≥–¥–∞–Ω
—Ç—ã –≥–¥–µ",–∑–∞—Ö–æ–∂—É,–º–æ–∂–µ—à—å –Ω–∞—á–∏–Ω–∞—Ç—å,—É –º–µ–Ω—è –∑–≤—É–∫–∞ –Ω–µ—Ç
–∑–∞—Ö–æ–∂—É,–º–æ–∂–µ—à—å –Ω–∞—á–∏–Ω–∞—Ç—å,—É –º–µ–Ω—è –∑–≤—É–∫–∞ –Ω–µ—Ç,"1. –ü–ª—é—Å–∏–∫ –Ω–∞—Ä–∏—Å–æ–≤–∞—Ç—å –Ω–∞ –∫–∞—Ä—Ç–∏–Ω–∫–µ
2. –†–∞—Å—Å–º–æ—Ç—Ä–µ—Ç—å –∫–æ–Ω–∫—Ä–µ—Ç–Ω—ã–π –∫–µ–π—Å"
–º–æ–∂–µ—à—å –Ω–∞—á–∏–Ω–∞—Ç—å,—É –º–µ–Ω—è –∑–≤—É–∫–∞ –Ω–µ—Ç,"1. –ü–ª—é—Å–∏–∫ –Ω–∞—Ä–∏—Å–æ–≤–∞—Ç—å –Ω–∞ –∫–∞—Ä—Ç–∏–Ω–∫–µ
2. –†–∞—Å—Å–º–æ—Ç—Ä–µ—Ç—å –∫–æ–Ω–∫—Ä–µ—Ç–Ω—ã–π –∫–µ–π—Å",-–°—Ñ–æ–∫—É—Å–∏—Ä–æ–≤–∞—Ç—å—Å—è –Ω–∞ –æ–¥–Ω–æ–º —Å –ø–æ—Ç–µ–Ω—Ü–∏–∞–ª—å–Ω–æ–º —Ä–∞—Å—à–∏—Ä–µ–Ω–∏–µ–º
—É –º–µ–Ω—è –∑–≤—É–∫–∞ –Ω–µ—Ç,"1. –ü–ª—é—Å–∏–∫ –Ω–∞—Ä–∏—Å–æ–≤–∞—Ç—å –Ω–∞ –∫–∞—Ä—Ç–∏–Ω–∫–µ
2. –†–∞—Å—Å–º–æ—Ç—Ä–µ—Ç—å –∫–æ–Ω–∫—Ä–µ—Ç–Ω—ã–π –∫–µ–π—Å",-–°—Ñ–æ–∫—É—Å–∏—Ä–æ–≤–∞—Ç—å—Å—è –Ω–∞ –æ–¥–Ω–æ–º —Å –ø–æ—Ç–µ–Ω—Ü–∏–∞–ª—å–Ω–æ–º —Ä–∞—Å—à–∏—Ä–µ–Ω–∏–µ–º,"–ü—Ä–∏–º–µ–Ω–µ–Ω–∏–µ –ø—Ä–æ–¥—É–∫—Ç–∞
–î–æ–±–∞–≤–∏—Ç—å –Ω–µ—Å–∫–æ–ª—å–∫–æ –∏–Ω—Ç–µ—Ä–≤—å—é"
"1. –ü–ª—é—Å–∏–∫ –Ω–∞—Ä–∏—Å–æ–≤–∞—Ç—å –Ω–∞ –∫–∞—Ä—Ç–∏–Ω–∫–µ
2. –†–∞—Å—Å–º–æ—Ç—Ä–µ—Ç—å –∫–æ–Ω–∫—Ä–µ—Ç–Ω—ã–π –∫–µ–π—Å",-–°—Ñ–æ–∫—É—Å–∏—Ä–æ–≤–∞—Ç—å—Å—è –Ω–∞ –æ–¥–Ω–æ–º —Å –ø–æ—Ç–µ–Ω—Ü–∏–∞–ª—å–Ω–æ–º —Ä–∞—Å—à–∏—Ä–µ–Ω–∏–µ–º,"–ü—Ä–∏–º–µ–Ω–µ–Ω–∏–µ –ø—Ä–æ–¥—É–∫—Ç–∞
–î–æ–±–∞–≤–∏—Ç—å –Ω–µ—Å–∫–æ–ª—å–∫–æ –∏–Ω—Ç–µ—Ä–≤—å—é",–í—ã –º–æ–∂–µ—Ç —Å–∫–∞–∂–µ—Ç–µ —á–µ–Ω–∏—Ç—å —Ç–æ–∂–µ
-–°—Ñ–æ–∫—É—Å–∏—Ä–æ–≤–∞—Ç—å—Å—è –Ω–∞ –æ–¥–Ω–æ–º —Å –ø–æ—Ç–µ–Ω—Ü–∏–∞–ª—å–Ω–æ–º —Ä–∞—Å—à–∏—Ä–µ–Ω–∏–µ–º,"–ü—Ä–∏–º–µ–Ω–µ–Ω–∏–µ –ø—Ä–æ–¥—É–∫—Ç–∞
–î–æ–±–∞–≤–∏—Ç—å –Ω–µ—Å–∫–æ–ª—å–∫–æ –∏–Ω—Ç–µ—Ä–≤—å—é",–í—ã –º–æ–∂–µ—Ç —Å–∫–∞–∂–µ—Ç–µ —á–µ–Ω–∏—Ç—å —Ç–æ–∂–µ,–Ø –ø–æ–∫–∞ –Ω–∏—Ö—É—è –Ω–µ –ø–æ–Ω—è–ª
"–ü—Ä–∏–º–µ–Ω–µ–Ω–∏–µ –ø—Ä–æ–¥—É–∫—Ç–∞
–î–æ–±–∞–≤–∏—Ç—å –Ω–µ—Å–∫–æ–ª—å–∫–æ –∏–Ω—Ç–µ—Ä–≤—å—é",–í—ã –º–æ–∂–µ—Ç —Å–∫–∞–∂–µ—Ç–µ —á–µ–Ω–∏—Ç—å —Ç–æ–∂–µ,–Ø –ø–æ–∫–∞ –Ω–∏—Ö—É—è –Ω–µ –ø–æ–Ω—è–ª,"–°–ø—Ä–æ—Å–∏—Ç–µ —Ç–∞–º
–Ø –ø–æ–∫–∞ —Ç–æ–∂–µ"
–í—ã –º–æ–∂–µ—Ç —Å–∫–∞–∂–µ—Ç–µ —á–µ–Ω–∏—Ç—å —Ç–æ–∂–µ,–Ø –ø–æ–∫–∞ –Ω–∏—Ö—É—è –Ω–µ –ø–æ–Ω—è–ª,"–°–ø—Ä–æ—Å–∏—Ç–µ —Ç–∞–º
–Ø –ø–æ–∫–∞ —Ç–æ–∂–µ",–∞—Ö–∞—Ö–∞—Ö
–Ø –ø–æ–∫–∞ –Ω–∏—Ö—É—è –Ω–µ –ø–æ–Ω—è–ª,"–°–ø—Ä–æ—Å–∏—Ç–µ —Ç–∞–º
–Ø –ø–æ–∫–∞ —Ç–æ–∂–µ",–∞—Ö–∞—Ö–∞—Ö,"–í–æ—Ç
–Ø —ç—Ç–æ —Ö–æ—Ç–µ–ª —É–∑–Ω–∞—Ç—å"
"–°–ø—Ä–æ—Å–∏—Ç–µ —Ç–∞–º
–Ø –ø–æ–∫–∞ —Ç–æ–∂–µ",–∞—Ö–∞—Ö–∞—Ö,"–í–æ—Ç
–Ø —ç—Ç–æ —Ö–æ—Ç–µ–ª —É–∑–Ω–∞—Ç—å","lexema
—Ç—É—Ç –ø—Ä–æ Fast ML –Ω–∞–¥–æ —Å–∫–∞–∑–∞—Ç—å
–ø–æ —Å—É—Ç–∏ —ç—Ç–æ –æ–Ω–æ –∏ –±—É–¥–µ—Ç"
–∞—Ö–∞—Ö–∞—Ö,"–í–æ—Ç
–Ø —ç—Ç–æ —Ö–æ—Ç–µ–ª —É–∑–Ω–∞—Ç—å","lexema
—Ç—É—Ç –ø—Ä–æ Fast ML –Ω–∞–¥–æ —Å–∫–∞–∑–∞—Ç—å
–ø–æ —Å—É—Ç–∏ —ç—Ç–æ –æ–Ω–æ –∏ –±—É–¥–µ—Ç","–≥–æ –≤ –¥–∏—Å
–¥–æ–±–∞–≤—Ç–µ –º–µ–Ω—è))"
"–í–æ—Ç
–Ø —ç—Ç–æ —Ö–æ—Ç–µ–ª —É–∑–Ω–∞—Ç—å","lexema
—Ç—É—Ç –ø—Ä–æ Fast ML –Ω–∞–¥–æ —Å–∫–∞–∑–∞—Ç—å
–ø–æ —Å—É—Ç–∏ —ç—Ç–æ –æ–Ω–æ –∏ –±—É–¥–µ—Ç","–≥–æ –≤ –¥–∏—Å
–¥–æ–±–∞–≤—Ç–µ –º–µ–Ω—è))","–ê—Ö—Ö–∞—Ö—Ö–∞
–ß—Ç–æ —ç—Ç–æ"
"lexema
—Ç—É—Ç –ø—Ä–æ Fast ML –Ω–∞–¥–æ —Å–∫–∞–∑–∞—Ç—å
–ø–æ —Å—É—Ç–∏ —ç—Ç–æ –æ–Ω–æ –∏ –±—É–¥–µ—Ç","–≥–æ –≤ –¥–∏—Å
–¥–æ–±–∞–≤—Ç–µ –º–µ–Ω—è))","–ê—Ö—Ö–∞—Ö—Ö–∞
–ß—Ç–æ —ç—Ç–æ",–≠—Ç–æ –ø—Ä–æ —Å—Ç–∞–∂–∏—Ä–æ–≤–∫—É*
"–≥–æ –≤ –¥–∏—Å
–¥–æ–±–∞–≤—Ç–µ –º–µ–Ω—è))","–ê—Ö—Ö–∞—Ö—Ö–∞
–ß—Ç–æ —ç—Ç–æ",–≠—Ç–æ –ø—Ä–æ —Å—Ç–∞–∂–∏—Ä–æ–≤–∫—É*,–û–∫
"–ê—Ö—Ö–∞—Ö—Ö–∞
–ß—Ç–æ —ç—Ç–æ",–≠—Ç–æ –ø—Ä–æ —Å—Ç–∞–∂–∏—Ä–æ–≤–∫—É*,–û–∫,–ö—É –ö–ª—É–∫—Å –∫–ª–∞–Ω
–≠—Ç–æ –ø—Ä–æ —Å—Ç–∞–∂–∏—Ä–æ–≤–∫—É*,–û–∫,–ö—É –ö–ª—É–∫—Å –∫–ª–∞–Ω,–ê—Ö–∞—Ö–∞
–û–∫,–ö—É –ö–ª—É–∫—Å –∫–ª–∞–Ω,–ê—Ö–∞—Ö–∞,–ù–µ –Ω—É –∫ –≤–æ–ª–æ—Å–∞–º –∫–ª–µ–∏—Ç—å –Ω–∞ —Å–∫–æ—Ç—á —à–∞–ø–∫—É –≥–µ–Ω–∏–∞–ª—å–Ω–æ –ø—Ö—Ö–∞—Ö—Å
–ö—É –ö–ª—É–∫—Å –∫–ª–∞–Ω,–ê—Ö–∞—Ö–∞,–ù–µ –Ω—É –∫ –≤–æ–ª–æ—Å–∞–º –∫–ª–µ–∏—Ç—å –Ω–∞ —Å–∫–æ—Ç—á —à–∞–ø–∫—É –≥–µ–Ω–∏–∞–ª—å–Ω–æ –ø—Ö—Ö–∞—Ö—Å,–û
–ê—Ö–∞—Ö–∞,–ù–µ –Ω—É –∫ –≤–æ–ª–æ—Å–∞–º –∫–ª–µ–∏—Ç—å –Ω–∞ —Å–∫–æ—Ç—á —à–∞–ø–∫—É –≥–µ–Ω–∏–∞–ª—å–Ω–æ –ø—Ö—Ö–∞—Ö—Å,–û,–ú–æ–∂–Ω–æ –ø–æ–ø—Ä–æ–±–æ–≤–∞—Ç—å
–ù–µ –Ω—É –∫ –≤–æ–ª–æ—Å–∞–º –∫–ª–µ–∏—Ç—å –Ω–∞ —Å–∫–æ—Ç—á —à–∞–ø–∫—É –≥–µ–Ω–∏–∞–ª—å–Ω–æ –ø—Ö—Ö–∞—Ö—Å,–û,–ú–æ–∂–Ω–æ –ø–æ–ø—Ä–æ–±–æ–≤–∞—Ç—å,–ù–∞–¥–æ –∫ –≥—Ä–∞–Ω—Ç–æ–≤–∏—á–∫–µ –ø–æ–¥–æ–π—Ç–∏
–û,–ú–æ–∂–Ω–æ –ø–æ–ø—Ä–æ–±–æ–≤–∞—Ç—å,–ù–∞–¥–æ –∫ –≥—Ä–∞–Ω—Ç–æ–≤–∏—á–∫–µ –ø–æ–¥–æ–π—Ç–∏,–ö–æ–≥–¥–∞ –≤ –∏—Ç–æ–≥–µ —Å –Ω–µ–π —Å–æ–∑–≤–æ–Ω?
–ú–æ–∂–Ω–æ –ø–æ–ø—Ä–æ–±–æ–≤–∞—Ç—å,–ù–∞–¥–æ –∫ –≥—Ä–∞–Ω—Ç–æ–≤–∏—á–∫–µ –ø–æ–¥–æ–π—Ç–∏,–ö–æ–≥–¥–∞ –≤ –∏—Ç–æ–≥–µ —Å –Ω–µ–π —Å–æ–∑–≤–æ–Ω?,"–•–∑
–ø–æ –ø–æ–≤–æ–¥—É —Ö–∞–∫–∞—Ç–æ–Ω–∞ –≤ –ø–∏—Ç–µ—Ä–µ
—ç—Ç–æ —Ä–∞–∑
–∏ —Ö–∞–∫–∞—Ç–æ–Ω –∫–æ—Ç–æ—Ä—ã–π –æ–Ω–∞ –ø—Ä–µ–¥–ª–æ–∂–∏–ª–∞"
–ù–∞–¥–æ –∫ –≥—Ä–∞–Ω—Ç–æ–≤–∏—á–∫–µ –ø–æ–¥–æ–π—Ç–∏,–ö–æ–≥–¥–∞ –≤ –∏—Ç–æ–≥–µ —Å –Ω–µ–π —Å–æ–∑–≤–æ–Ω?,"–•–∑
–ø–æ –ø–æ–≤–æ–¥—É —Ö–∞–∫–∞—Ç–æ–Ω–∞ –≤ –ø–∏—Ç–µ—Ä–µ
—ç—Ç–æ —Ä–∞–∑
–∏ —Ö–∞–∫–∞—Ç–æ–Ω –∫–æ—Ç–æ—Ä—ã–π –æ–Ω–∞ –ø—Ä–µ–¥–ª–æ–∂–∏–ª–∞",–ù–µ –º–æ–≥—É –Ω–∞–π—Ç–∏ —Ç–µ–º–∞—Ç–∏–∫—É
–ö–æ–≥–¥–∞ –≤ –∏—Ç–æ–≥–µ —Å –Ω–µ–π —Å–æ–∑–≤–æ–Ω?,"–•–∑
–ø–æ –ø–æ–≤–æ–¥—É —Ö–∞–∫–∞—Ç–æ–Ω–∞ –≤ –ø–∏—Ç–µ—Ä–µ
—ç—Ç–æ —Ä–∞–∑
–∏ —Ö–∞–∫–∞—Ç–æ–Ω –∫–æ—Ç–æ—Ä—ã–π –æ–Ω–∞ –ø—Ä–µ–¥–ª–æ–∂–∏–ª–∞",–ù–µ –º–æ–≥—É –Ω–∞–π—Ç–∏ —Ç–µ–º–∞—Ç–∏–∫—É,"–¢–∞–º –Ω–∞–ø–∏—Å–∞–Ω–æ –ø—Ä–æ–≥—Ä–∞–º–º–∏—Å—Ç—ã-—Ä–æ–±–æ—Ç–æ—Ç–µ—Ö–Ω–∏–∫–∏
–ë–æ—é—Å—å —ç—Ç–æ –Ω–µ –ø—Ä–æ –Ω–∞—Å("
"–•–∑
–ø–æ –ø–æ–≤–æ–¥—É —Ö–∞–∫–∞—Ç–æ–Ω–∞ –≤ –ø–∏—Ç–µ—Ä–µ
—ç—Ç–æ —Ä–∞–∑
–∏ —Ö–∞–∫–∞—Ç–æ–Ω –∫–æ—Ç–æ—Ä—ã–π –æ–Ω–∞ –ø—Ä–µ–¥–ª–æ–∂–∏–ª–∞",–ù–µ –º–æ–≥—É –Ω–∞–π—Ç–∏ —Ç–µ–º–∞—Ç–∏–∫—É,"–¢–∞–º –Ω–∞–ø–∏—Å–∞–Ω–æ –ø—Ä–æ–≥—Ä–∞–º–º–∏—Å—Ç—ã-—Ä–æ–±–æ—Ç–æ—Ç–µ—Ö–Ω–∏–∫–∏
–ë–æ—é—Å—å —ç—Ç–æ –Ω–µ –ø—Ä–æ –Ω–∞—Å(",–≤–æ—Ç —ç—Ç–æ –∫–∞–∫ —è –ø–æ–Ω—è–ª
–ù–µ –º–æ–≥—É –Ω–∞–π—Ç–∏ —Ç–µ–º–∞—Ç–∏–∫—É,"–¢–∞–º –Ω–∞–ø–∏—Å–∞–Ω–æ –ø—Ä–æ–≥—Ä–∞–º–º–∏—Å—Ç—ã-—Ä–æ–±–æ—Ç–æ—Ç–µ—Ö–Ω–∏–∫–∏
–ë–æ—é—Å—å —ç—Ç–æ –Ω–µ –ø—Ä–æ –Ω–∞—Å(",–≤–æ—Ç —ç—Ç–æ –∫–∞–∫ —è –ø–æ–Ω—è–ª,"–ú–± –Ω–∞ —ç—Ç–æ—Ç –ª—É—á—à–µ –Ω–µ —Å—Ç–æ–∏—Ç, —É –Ω–∞—Å –≤—Ä–æ–¥–µ –Ω–∏–∫—Ç–æ —Ä–æ–±–æ—Ç–æ—Ç–µ—Ö–Ω–∏–∫–æ–π –Ω–µ –∑–∞–Ω–∏–º–∞–ª—Å—è?
–ï–π —Å–∫–∞–∑–∞—Ç—å –æ–± —ç—Ç–æ–º
–î–∞—Ä—å–µ"
"–¢–∞–º –Ω–∞–ø–∏—Å–∞–Ω–æ –ø—Ä–æ–≥—Ä–∞–º–º–∏—Å—Ç—ã-—Ä–æ–±–æ—Ç–æ—Ç–µ—Ö–Ω–∏–∫–∏
–ë–æ—é—Å—å —ç—Ç–æ –Ω–µ –ø—Ä–æ –Ω–∞—Å(",–≤–æ—Ç —ç—Ç–æ –∫–∞–∫ —è –ø–æ–Ω—è–ª,"–ú–± –Ω–∞ —ç—Ç–æ—Ç –ª—É—á—à–µ –Ω–µ —Å—Ç–æ–∏—Ç, —É –Ω–∞—Å –≤—Ä–æ–¥–µ –Ω–∏–∫—Ç–æ —Ä–æ–±–æ—Ç–æ—Ç–µ—Ö–Ω–∏–∫–æ–π –Ω–µ –∑–∞–Ω–∏–º–∞–ª—Å—è?
–ï–π —Å–∫–∞–∑–∞—Ç—å –æ–± —ç—Ç–æ–º
–î–∞—Ä—å–µ",–ü—É—Å—Ç—å —Å —Ñ–∏—Ä—Ç–∞ –æ—Ç–ø—Ä–∞–≤–ª—è—é—Ç
–≤–æ—Ç —ç—Ç–æ –∫–∞–∫ —è –ø–æ–Ω—è–ª,"–ú–± –Ω–∞ —ç—Ç–æ—Ç –ª—É—á—à–µ –Ω–µ —Å—Ç–æ–∏—Ç, —É –Ω–∞—Å –≤—Ä–æ–¥–µ –Ω–∏–∫—Ç–æ —Ä–æ–±–æ—Ç–æ—Ç–µ—Ö–Ω–∏–∫–æ–π –Ω–µ –∑–∞–Ω–∏–º–∞–ª—Å—è?
–ï–π —Å–∫–∞–∑–∞—Ç—å –æ–± —ç—Ç–æ–º
–î–∞—Ä—å–µ",–ü—É—Å—Ç—å —Å —Ñ–∏—Ä—Ç–∞ –æ—Ç–ø—Ä–∞–≤–ª—è—é—Ç,"–î–∞
–Ø —Ç–∞–∫ –ø–æ–Ω—è–ª –º–æ–¥—É–ª—å —Ñ–æ—Ç–æ–∞–Ω–∞–ª–∏—Ç–∏–∫–∏ —ç—Ç–æ —Ç–∏–ø –ø–æ —Ñ–æ—Ç–æ–≥—Ä–∞—Ñ–∏–∏ –∫–∞–∫–∏–µ-—Ç–æ –ø–æ–∫–∞–∑–∞—Ç–µ–ª–∏ –≤—ã—â–∏—Ç—ã–≤–∞—Ç—å
–ò —Ç–∏–ø –µ—Å–ª–∏ —ç—Ç–æ –±–ª–æ–≥–µ—Ä—ã –∏ —Å–º–º
–¢–æ —Ç–∏–ø –ø–æ —Ñ–æ—Ç–∫–µ –æ–ø—Ä–µ–¥–µ–ª–∏—Ç—å –Ω–∞ —Å–∫–æ–ª—å–∫–æ –∫–∞—á–µ—Å—Ç–≤–µ–Ω–Ω–æ —Å–¥–µ–ª–∞–Ω–æ —á—Ç–æ–±—ã –ø—Ä–∏–≤–ª–µ—á—å –ø–æ–∫—É–ø–∞—Ç–µ–ª–µ–π
–Ø –≤–æ—Ç —Ö–∑ —ç—Ç–æ —Ñ–æ—Ç–∫–∞ —Å–∞–π—Ç–∞ –∏–ª–∏ —Ñ–æ—Ç–∫–∞ –∫–æ–Ω–∫—Ä–µ—Ç–Ω–æ–≥–æ –ø—Ä–æ–¥—É–∫—Ç–∞ –ø–æ —Ç–∏–ø—É —Ç–∞—Ä–µ–ª–æ–∫ –∏–ª–∏ –µ—â—ë —á–µ–≥–æ
–ü–æ —Å—É—Ç–∏ –µ—Å–ª–∏ –ø—Ä–µ–¥–º–µ—Ç–æ–≤, —Ç–æ –º–æ–∂–Ω–æ –ø—Ä–æ—Å—Ç–æ –ø–ª–æ—Ö–∏—Ö —Ñ–æ—Ç–æ–∫ –Ω–∞–¥–µ–ª–∞—Ç—å, –≥–¥–µ —Ç–∏–ø –µ—Å–ª–∏ —Å–æ—á–µ—Ç–∞–Ω–∏–µ —Ü–≤–µ—Ç–æ–≤ –ø–ª–æ—Ö–æ–µ, –ø–æ–∫–∞–∑—ã–≤–∞—Ç—å –º–∞–ª–µ–Ω—å–∫–∏–µ –ø–æ–∫–∞–∑–∞—Ç–µ–ª–∏ 
–ê –µ—Å–ª–∏ —Ç–∞–º –Ω–∞ –±–µ–ª–æ–º —Ñ–æ–Ω–µ –≤—Å–µ —á–µ—Ç–µ–Ω—å–∫–æ, —Ç–æ –≥–æ–≤–æ—Ä–∏—å—å –≤—ã—Å–æ–∫–∏–µ –ø–æ–∫–∞–∑–∞—Ç–µ–ª–∏
–¢–æ–∫ –Ω—É–∂–Ω–æ –±—É–¥–µ—Ç –∏—Å–∫–∞—Ç—å —Ñ–æ—Ç–∫–∏)
–ß—Ç–æ–±—ã –æ–±—É—á–∏—Ç—å
–ù—É —è –ø–æ–∫–∞ –ø—Ä–µ–¥–ø–æ–ª–æ–∂–∏–ª
–í –∏–Ω–µ—Ç–µ –µ—Å—Ç—å –ø—Ä–æ–≥—Ä–∞–º–º—ã –≤–∏–¥–µ–æ–∞–Ω–∞–ª–∏—Ç–∏–∫–∏ –ø–æ —Ç–∏–ø—É –≤—ã—Å—á–∏—Ç–∞—Ç—å –∫–æ–ª–∏—á–µ—Å—Ç–≤–æ –ª—é–¥–µ–π –∫–æ—Ç–æ—Ä—ã–µ –ø–æ–¥ –∫–∞–º–µ—Ä–æ–π –ø—Ä–æ—à–ª–∏
–ê —É –Ω–∞—Å —Ñ–æ—Ç–æ–∞–Ω–∞–ª–∏—Ç–∏–∫–∞"
"–ú–± –Ω–∞ —ç—Ç–æ—Ç –ª—É—á—à–µ –Ω–µ —Å—Ç–æ–∏—Ç, —É –Ω–∞—Å –≤—Ä–æ–¥–µ –Ω–∏–∫—Ç–æ —Ä–æ–±–æ—Ç–æ—Ç–µ—Ö–Ω–∏–∫–æ–π –Ω–µ –∑–∞–Ω–∏–º–∞–ª—Å—è?
–ï–π —Å–∫–∞–∑–∞—Ç—å –æ–± —ç—Ç–æ–º
–î–∞—Ä—å–µ",–ü—É—Å—Ç—å —Å —Ñ–∏—Ä—Ç–∞ –æ—Ç–ø—Ä–∞–≤–ª—è—é—Ç,"–î–∞
–Ø —Ç–∞–∫ –ø–æ–Ω—è–ª –º–æ–¥—É–ª—å —Ñ–æ—Ç–æ–∞–Ω–∞–ª–∏—Ç–∏–∫–∏ —ç—Ç–æ —Ç–∏–ø –ø–æ —Ñ–æ—Ç–æ–≥—Ä–∞—Ñ–∏–∏ –∫–∞–∫–∏–µ-—Ç–æ –ø–æ–∫–∞–∑–∞—Ç–µ–ª–∏ –≤—ã—â–∏—Ç—ã–≤–∞—Ç—å
–ò —Ç–∏–ø –µ—Å–ª–∏ —ç—Ç–æ –±–ª–æ–≥–µ—Ä—ã –∏ —Å–º–º
–¢–æ —Ç–∏–ø –ø–æ —Ñ–æ—Ç–∫–µ –æ–ø—Ä–µ–¥–µ–ª–∏—Ç—å –Ω–∞ —Å–∫–æ–ª—å–∫–æ –∫–∞—á–µ—Å—Ç–≤–µ–Ω–Ω–æ —Å–¥–µ–ª–∞–Ω–æ —á—Ç–æ–±—ã –ø—Ä–∏–≤–ª–µ—á—å –ø–æ–∫—É–ø–∞—Ç–µ–ª–µ–π
–Ø –≤–æ—Ç —Ö–∑ —ç—Ç–æ —Ñ–æ—Ç–∫–∞ —Å–∞–π—Ç–∞ –∏–ª–∏ —Ñ–æ—Ç–∫–∞ –∫–æ–Ω–∫—Ä–µ—Ç–Ω–æ–≥–æ –ø—Ä–æ–¥—É–∫—Ç–∞ –ø–æ —Ç–∏–ø—É —Ç–∞—Ä–µ–ª–æ–∫ –∏–ª–∏ –µ—â—ë —á–µ–≥–æ
–ü–æ —Å—É—Ç–∏ –µ—Å–ª–∏ –ø—Ä–µ–¥–º–µ—Ç–æ–≤, —Ç–æ –º–æ–∂–Ω–æ –ø—Ä–æ—Å—Ç–æ –ø–ª–æ—Ö–∏—Ö —Ñ–æ—Ç–æ–∫ –Ω–∞–¥–µ–ª–∞—Ç—å, –≥–¥–µ —Ç–∏–ø –µ—Å–ª–∏ —Å–æ—á–µ—Ç–∞–Ω–∏–µ —Ü–≤–µ—Ç–æ–≤ –ø–ª–æ—Ö–æ–µ, –ø–æ–∫–∞–∑—ã–≤–∞—Ç—å –º–∞–ª–µ–Ω—å–∫–∏–µ –ø–æ–∫–∞–∑–∞—Ç–µ–ª–∏ 
–ê –µ—Å–ª–∏ —Ç–∞–º –Ω–∞ –±–µ–ª–æ–º —Ñ–æ–Ω–µ –≤—Å–µ —á–µ—Ç–µ–Ω—å–∫–æ, —Ç–æ –≥–æ–≤–æ—Ä–∏—å—å –≤—ã—Å–æ–∫–∏–µ –ø–æ–∫–∞–∑–∞—Ç–µ–ª–∏
–¢–æ–∫ –Ω—É–∂–Ω–æ –±—É–¥–µ—Ç –∏—Å–∫–∞—Ç—å —Ñ–æ—Ç–∫–∏)
–ß—Ç–æ–±—ã –æ–±—É—á–∏—Ç—å
–ù—É —è –ø–æ–∫–∞ –ø—Ä–µ–¥–ø–æ–ª–æ–∂–∏–ª
–í –∏–Ω–µ—Ç–µ –µ—Å—Ç—å –ø—Ä–æ–≥—Ä–∞–º–º—ã –≤–∏–¥–µ–æ–∞–Ω–∞–ª–∏—Ç–∏–∫–∏ –ø–æ —Ç–∏–ø—É –≤—ã—Å—á–∏—Ç–∞—Ç—å –∫–æ–ª–∏—á–µ—Å—Ç–≤–æ –ª—é–¥–µ–π –∫–æ—Ç–æ—Ä—ã–µ –ø–æ–¥ –∫–∞–º–µ—Ä–æ–π –ø—Ä–æ—à–ª–∏
–ê —É –Ω–∞—Å —Ñ–æ—Ç–æ–∞–Ω–∞–ª–∏—Ç–∏–∫–∞","–ò –ß –ø—Ä–æ—â–µ?
–ü–æ —Ç–≤–æ–µ–º—É –º–Ω–µ–Ω–∏—é"
–ü—É—Å—Ç—å —Å —Ñ–∏—Ä—Ç–∞ –æ—Ç–ø—Ä–∞–≤–ª—è—é—Ç,"–î–∞
–Ø —Ç–∞–∫ –ø–æ–Ω—è–ª –º–æ–¥—É–ª—å —Ñ–æ—Ç–æ–∞–Ω–∞–ª–∏—Ç–∏–∫–∏ —ç—Ç–æ —Ç–∏–ø –ø–æ —Ñ–æ—Ç–æ–≥—Ä–∞—Ñ–∏–∏ –∫–∞–∫–∏–µ-—Ç–æ –ø–æ–∫–∞–∑–∞—Ç–µ–ª–∏ –≤—ã—â–∏—Ç—ã–≤–∞—Ç—å
–ò —Ç–∏–ø –µ—Å–ª–∏ —ç—Ç–æ –±–ª–æ–≥–µ—Ä—ã –∏ —Å–º–º
–¢–æ —Ç–∏–ø –ø–æ —Ñ–æ—Ç–∫–µ –æ–ø—Ä–µ–¥–µ–ª–∏—Ç—å –Ω–∞ —Å–∫–æ–ª—å–∫–æ –∫–∞—á–µ—Å—Ç–≤–µ–Ω–Ω–æ —Å–¥–µ–ª–∞–Ω–æ —á—Ç–æ–±—ã –ø—Ä–∏–≤–ª–µ—á—å –ø–æ–∫—É–ø–∞—Ç–µ–ª–µ–π
–Ø –≤–æ—Ç —Ö–∑ —ç—Ç–æ —Ñ–æ—Ç–∫–∞ —Å–∞–π—Ç–∞ –∏–ª–∏ —Ñ–æ—Ç–∫–∞ –∫–æ–Ω–∫—Ä–µ—Ç–Ω–æ–≥–æ –ø—Ä–æ–¥—É–∫—Ç–∞ –ø–æ —Ç–∏–ø—É —Ç–∞—Ä–µ–ª–æ–∫ –∏–ª–∏ –µ—â—ë —á–µ–≥–æ
–ü–æ —Å—É—Ç–∏ –µ—Å–ª–∏ –ø—Ä–µ–¥–º–µ—Ç–æ–≤, —Ç–æ –º–æ–∂–Ω–æ –ø—Ä–æ—Å—Ç–æ –ø–ª–æ—Ö–∏—Ö —Ñ–æ—Ç–æ–∫ –Ω–∞–¥–µ–ª–∞—Ç—å, –≥–¥–µ —Ç–∏–ø –µ—Å–ª–∏ —Å–æ—á–µ—Ç–∞–Ω–∏–µ —Ü–≤–µ—Ç–æ–≤ –ø–ª–æ—Ö–æ–µ, –ø–æ–∫–∞–∑—ã–≤–∞—Ç—å –º–∞–ª–µ–Ω—å–∫–∏–µ –ø–æ–∫–∞–∑–∞—Ç–µ–ª–∏ 
–ê –µ—Å–ª–∏ —Ç–∞–º –Ω–∞ –±–µ–ª–æ–º —Ñ–æ–Ω–µ –≤—Å–µ —á–µ—Ç–µ–Ω—å–∫–æ, —Ç–æ –≥–æ–≤–æ—Ä–∏—å—å –≤—ã—Å–æ–∫–∏–µ –ø–æ–∫–∞–∑–∞—Ç–µ–ª–∏
–¢–æ–∫ –Ω—É–∂–Ω–æ –±—É–¥–µ—Ç –∏—Å–∫–∞—Ç—å —Ñ–æ—Ç–∫–∏)
–ß—Ç–æ–±—ã –æ–±—É—á–∏—Ç—å
–ù—É —è –ø–æ–∫–∞ –ø—Ä–µ–¥–ø–æ–ª–æ–∂–∏–ª
–í –∏–Ω–µ—Ç–µ –µ—Å—Ç—å –ø—Ä–æ–≥—Ä–∞–º–º—ã –≤–∏–¥–µ–æ–∞–Ω–∞–ª–∏—Ç–∏–∫–∏ –ø–æ —Ç–∏–ø—É –≤—ã—Å—á–∏—Ç–∞—Ç—å –∫–æ–ª–∏—á–µ—Å—Ç–≤–æ –ª—é–¥–µ–π –∫–æ—Ç–æ—Ä—ã–µ –ø–æ–¥ –∫–∞–º–µ—Ä–æ–π –ø—Ä–æ—à–ª–∏
–ê —É –Ω–∞—Å —Ñ–æ—Ç–æ–∞–Ω–∞–ª–∏—Ç–∏–∫–∞","–ò –ß –ø—Ä–æ—â–µ?
–ü–æ —Ç–≤–æ–µ–º—É –º–Ω–µ–Ω–∏—é","–ù–∞–¥–æ –±—ã —É–∑–Ω–∞—Ç—å –∫–∞–∫–∏–µ –Ω–∞–º –¥–∞–Ω–Ω—ã–µ –¥–∞–¥—É—Ç))
–¢–∏–ø –≥–¥–µ –∏—Ö –±–æ–ª—å—à–µ –Ω–∞–≤–µ—Ä–Ω–æ–µ –æ–Ω–æ 
–ü–æ—Ç–æ–º—É —á—Ç–æ –º–æ–≥—É—Ç –∏ –Ω–µ –¥–∞—Ç—å –Ω–∏ —Ç–∞–º –Ω–∏ —Ç–∞–º
–ù—É –≤–æ–æ–±—â–µ –º–± —Å —Ñ–æ—Ç–∫–∞–º–∏
–¢–∞–º –ø—Ä–æ—Å—Ç–æ —Ñ–æ—Ç–æ –Ω–∞ –≤—Ö–æ–¥, –∏ —á–∏—Å–ª–∞ –Ω–∞ –≤—ã—Ö–æ–¥–µ
–°–≤—ë—Ä—Ç–∫—É –ø—Ä–∏–º–µ–Ω—è—Ç—å"
"–î–∞
–Ø —Ç–∞–∫ –ø–æ–Ω—è–ª –º–æ–¥—É–ª—å —Ñ–æ—Ç–æ–∞–Ω–∞–ª–∏—Ç–∏–∫–∏ —ç—Ç–æ —Ç–∏–ø –ø–æ —Ñ–æ—Ç–æ–≥—Ä–∞—Ñ–∏–∏ –∫–∞–∫–∏–µ-—Ç–æ –ø–æ–∫–∞–∑–∞—Ç–µ–ª–∏ –≤—ã—â–∏—Ç—ã–≤–∞—Ç—å
–ò —Ç–∏–ø –µ—Å–ª–∏ —ç—Ç–æ –±–ª–æ–≥–µ—Ä—ã –∏ —Å–º–º
–¢–æ —Ç–∏–ø –ø–æ —Ñ–æ—Ç–∫–µ –æ–ø—Ä–µ–¥–µ–ª–∏—Ç—å –Ω–∞ —Å–∫–æ–ª—å–∫–æ –∫–∞—á–µ—Å—Ç–≤–µ–Ω–Ω–æ —Å–¥–µ–ª–∞–Ω–æ —á—Ç–æ–±—ã –ø—Ä–∏–≤–ª–µ—á—å –ø–æ–∫—É–ø–∞—Ç–µ–ª–µ–π
–Ø –≤–æ—Ç —Ö–∑ —ç—Ç–æ —Ñ–æ—Ç–∫–∞ —Å–∞–π—Ç–∞ –∏–ª–∏ —Ñ–æ—Ç–∫–∞ –∫–æ–Ω–∫—Ä–µ—Ç–Ω–æ–≥–æ –ø—Ä–æ–¥—É–∫—Ç–∞ –ø–æ —Ç–∏–ø—É —Ç–∞—Ä–µ–ª–æ–∫ –∏–ª–∏ –µ—â—ë —á–µ–≥–æ
–ü–æ —Å—É—Ç–∏ –µ—Å–ª–∏ –ø—Ä–µ–¥–º–µ—Ç–æ–≤, —Ç–æ –º–æ–∂–Ω–æ –ø—Ä–æ—Å—Ç–æ –ø–ª–æ—Ö–∏—Ö —Ñ–æ—Ç–æ–∫ –Ω–∞–¥–µ–ª–∞—Ç—å, –≥–¥–µ —Ç–∏–ø –µ—Å–ª–∏ —Å–æ—á–µ—Ç–∞–Ω–∏–µ —Ü–≤–µ—Ç–æ–≤ –ø–ª–æ—Ö–æ–µ, –ø–æ–∫–∞–∑—ã–≤–∞—Ç—å –º–∞–ª–µ–Ω—å–∫–∏–µ –ø–æ–∫–∞–∑–∞—Ç–µ–ª–∏ 
–ê –µ—Å–ª–∏ —Ç–∞–º –Ω–∞ –±–µ–ª–æ–º —Ñ–æ–Ω–µ –≤—Å–µ —á–µ—Ç–µ–Ω—å–∫–æ, —Ç–æ –≥–æ–≤–æ—Ä–∏—å—å –≤—ã—Å–æ–∫–∏–µ –ø–æ–∫–∞–∑–∞—Ç–µ–ª–∏
–¢–æ–∫ –Ω—É–∂–Ω–æ –±—É–¥–µ—Ç –∏—Å–∫–∞—Ç—å —Ñ–æ—Ç–∫–∏)
–ß—Ç–æ–±—ã –æ–±—É—á–∏—Ç—å
–ù—É —è –ø–æ–∫–∞ –ø—Ä–µ–¥–ø–æ–ª–æ–∂–∏–ª
–í –∏–Ω–µ—Ç–µ –µ—Å—Ç—å –ø—Ä–æ–≥—Ä–∞–º–º—ã –≤–∏–¥–µ–æ–∞–Ω–∞–ª–∏—Ç–∏–∫–∏ –ø–æ —Ç–∏–ø—É –≤—ã—Å—á–∏—Ç–∞—Ç—å –∫–æ–ª–∏—á–µ—Å—Ç–≤–æ –ª—é–¥–µ–π –∫–æ—Ç–æ—Ä—ã–µ –ø–æ–¥ –∫–∞–º–µ—Ä–æ–π –ø—Ä–æ—à–ª–∏
–ê —É –Ω–∞—Å —Ñ–æ—Ç–æ–∞–Ω–∞–ª–∏—Ç–∏–∫–∞","–ò –ß –ø—Ä–æ—â–µ?
–ü–æ —Ç–≤–æ–µ–º—É –º–Ω–µ–Ω–∏—é","–ù–∞–¥–æ –±—ã —É–∑–Ω–∞—Ç—å –∫–∞–∫–∏–µ –Ω–∞–º –¥–∞–Ω–Ω—ã–µ –¥–∞–¥—É—Ç))
–¢–∏–ø –≥–¥–µ –∏—Ö –±–æ–ª—å—à–µ –Ω–∞–≤–µ—Ä–Ω–æ–µ –æ–Ω–æ 
–ü–æ—Ç–æ–º—É —á—Ç–æ –º–æ–≥—É—Ç –∏ –Ω–µ –¥–∞—Ç—å –Ω–∏ —Ç–∞–º –Ω–∏ —Ç–∞–º
–ù—É –≤–æ–æ–±—â–µ –º–± —Å —Ñ–æ—Ç–∫–∞–º–∏
–¢–∞–º –ø—Ä–æ—Å—Ç–æ —Ñ–æ—Ç–æ –Ω–∞ –≤—Ö–æ–¥, –∏ —á–∏—Å–ª–∞ –Ω–∞ –≤—ã—Ö–æ–¥–µ
–°–≤—ë—Ä—Ç–∫—É –ø—Ä–∏–º–µ–Ω—è—Ç—å","–ß–µ , –∑–∞–ø–∏—à–µ–º—Å—è ?
–ù–∞–¥–æ –∑–∞ –≤—Å–µ –≤–æ–∑–º–æ–∂–Ω–æ—Å—Ç–∏ —Ö–≤–∞—Ç–∞—Ç—å—Å—è"
"–ò –ß –ø—Ä–æ—â–µ?
–ü–æ —Ç–≤–æ–µ–º—É –º–Ω–µ–Ω–∏—é","–ù–∞–¥–æ –±—ã —É–∑–Ω–∞—Ç—å –∫–∞–∫–∏–µ –Ω–∞–º –¥–∞–Ω–Ω—ã–µ –¥–∞–¥—É—Ç))
–¢–∏–ø –≥–¥–µ –∏—Ö –±–æ–ª—å—à–µ –Ω–∞–≤–µ—Ä–Ω–æ–µ –æ–Ω–æ 
–ü–æ—Ç–æ–º—É —á—Ç–æ –º–æ–≥—É—Ç –∏ –Ω–µ –¥–∞—Ç—å –Ω–∏ —Ç–∞–º –Ω–∏ —Ç–∞–º
–ù—É –≤–æ–æ–±—â–µ –º–± —Å —Ñ–æ—Ç–∫–∞–º–∏
–¢–∞–º –ø—Ä–æ—Å—Ç–æ —Ñ–æ—Ç–æ –Ω–∞ –≤—Ö–æ–¥, –∏ —á–∏—Å–ª–∞ –Ω–∞ –≤—ã—Ö–æ–¥–µ
–°–≤—ë—Ä—Ç–∫—É –ø—Ä–∏–º–µ–Ω—è—Ç—å","–ß–µ , –∑–∞–ø–∏—à–µ–º—Å—è ?
–ù–∞–¥–æ –∑–∞ –≤—Å–µ –≤–æ–∑–º–æ–∂–Ω–æ—Å—Ç–∏ —Ö–≤–∞—Ç–∞—Ç—å—Å—è","–î–∞, –º–æ–∂–Ω–æ"
,,,–¢—ã —Å–ª—É—á–∞–π–Ω–æ –Ω–µ –ø–∏—Å–∞–ª –¥–∞—Ä—å–µ —á—Ç–æ–±—ã –Ω–∞—Å –Ω–µ –∑–∞–ø–∏—Å–∞–≤–∞–ª–∞ –Ω–∞ —Ö–∞–∫–∞—Ç–æ–Ω —Å —Ä–æ–±–æ—Ç–µ—Ö–Ω–∏–∫–æ–π?)
,,–¢—ã —Å–ª—É—á–∞–π–Ω–æ –Ω–µ –ø–∏—Å–∞–ª –¥–∞—Ä—å–µ —á—Ç–æ–±—ã –Ω–∞—Å –Ω–µ –∑–∞–ø–∏—Å–∞–≤–∞–ª–∞ –Ω–∞ —Ö–∞–∫–∞—Ç–æ–Ω —Å —Ä–æ–±–æ—Ç–µ—Ö–Ω–∏–∫–æ–π?),–ë–ª—è
,,,–ü—Ä–∞–≤–¥–∞ –¥—É–º–∞—é —á—Ç–æ –Ω–µ —Å—Ç–æ–∏—Ç –Ω–∞ –Ω–µ–≥–æ
,,–ü—Ä–∞–≤–¥–∞ –¥—É–º–∞—é —á—Ç–æ –Ω–µ —Å—Ç–æ–∏—Ç –Ω–∞ –Ω–µ–≥–æ,–Ø –µ–π –Ω–µ –Ω–∞–ø–∏—Å–∞–ª
,–ü—Ä–∞–≤–¥–∞ –¥—É–º–∞—é —á—Ç–æ –Ω–µ —Å—Ç–æ–∏—Ç –Ω–∞ –Ω–µ–≥–æ,–Ø –µ–π –Ω–µ –Ω–∞–ø–∏—Å–∞–ª,"–Ø –ø—Ä–æ—Å—Ç–æ –¥—É–º–∞—é –µ—Å–ª–∏ –º—ã —Ç–∞–º –∂–µ—Å—Ç–∫–æ –æ–±–ª–∞–∂–∞–µ–º—Å—è, —Ç–æ –º–æ–≥—É—Ç –Ω–∞—Å —É–∂–µ –Ω–µ —Å —Ç–∞–∫–∏–º —ç–Ω—Ç—É–∑–∏–∞–∑–º–æ–º –∫—É–¥–∞ —Ç–æ –æ—Ç–ø—Ä–∞–≤–ª—è—Ç—å
–¢–∏–ø –ª—É—á—à–µ –≤—ã–±–∏—Ä–∞—Ç—å —Ç–µ, –≥–¥–µ –º—ã —Ö–æ—Ç—è –±—ã —á—É—á—É—Ç—å –ø–æ–Ω–∏–º–∞–µ–º"
–ü—Ä–∞–≤–¥–∞ –¥—É–º–∞—é —á—Ç–æ –Ω–µ —Å—Ç–æ–∏—Ç –Ω–∞ –Ω–µ–≥–æ,–Ø –µ–π –Ω–µ –Ω–∞–ø–∏—Å–∞–ª,"–Ø –ø—Ä–æ—Å—Ç–æ –¥—É–º–∞—é –µ—Å–ª–∏ –º—ã —Ç–∞–º –∂–µ—Å—Ç–∫–æ –æ–±–ª–∞–∂–∞–µ–º—Å—è, —Ç–æ –º–æ–≥—É—Ç –Ω–∞—Å —É–∂–µ –Ω–µ —Å —Ç–∞–∫–∏–º —ç–Ω—Ç—É–∑–∏–∞–∑–º–æ–º –∫—É–¥–∞ —Ç–æ –æ—Ç–ø—Ä–∞–≤–ª—è—Ç—å
–¢–∏–ø –ª—É—á—à–µ –≤—ã–±–∏—Ä–∞—Ç—å —Ç–µ, –≥–¥–µ –º—ã —Ö–æ—Ç—è –±—ã —á—É—á—É—Ç—å –ø–æ–Ω–∏–º–∞–µ–º",–ù–µ
–Ø –µ–π –Ω–µ –Ω–∞–ø–∏—Å–∞–ª,"–Ø –ø—Ä–æ—Å—Ç–æ –¥—É–º–∞—é –µ—Å–ª–∏ –º—ã —Ç–∞–º –∂–µ—Å—Ç–∫–æ –æ–±–ª–∞–∂–∞–µ–º—Å—è, —Ç–æ –º–æ–≥—É—Ç –Ω–∞—Å —É–∂–µ –Ω–µ —Å —Ç–∞–∫–∏–º —ç–Ω—Ç—É–∑–∏–∞–∑–º–æ–º –∫—É–¥–∞ —Ç–æ –æ—Ç–ø—Ä–∞–≤–ª—è—Ç—å
–¢–∏–ø –ª—É—á—à–µ –≤—ã–±–∏—Ä–∞—Ç—å —Ç–µ, –≥–¥–µ –º—ã —Ö–æ—Ç—è –±—ã —á—É—á—É—Ç—å –ø–æ–Ω–∏–º–∞–µ–º",–ù–µ,"–∞ –Ω–∞—Å—á–µ—Ç –≥—Ä–∞–Ω—Ç–∞ –∫–∞–∫, –º–æ–ª—á–∏—Ç?)"
"–Ø –ø—Ä–æ—Å—Ç–æ –¥—É–º–∞—é –µ—Å–ª–∏ –º—ã —Ç–∞–º –∂–µ—Å—Ç–∫–æ –æ–±–ª–∞–∂–∞–µ–º—Å—è, —Ç–æ –º–æ–≥—É—Ç –Ω–∞—Å —É–∂–µ –Ω–µ —Å —Ç–∞–∫–∏–º —ç–Ω—Ç—É–∑–∏–∞–∑–º–æ–º –∫—É–¥–∞ —Ç–æ –æ—Ç–ø—Ä–∞–≤–ª—è—Ç—å
–¢–∏–ø –ª—É—á—à–µ –≤—ã–±–∏—Ä–∞—Ç—å —Ç–µ, –≥–¥–µ –º—ã —Ö–æ—Ç—è –±—ã —á—É—á—É—Ç—å –ø–æ–Ω–∏–º–∞–µ–º",–ù–µ,"–∞ –Ω–∞—Å—á–µ—Ç –≥—Ä–∞–Ω—Ç–∞ –∫–∞–∫, –º–æ–ª—á–∏—Ç?)","–î–∞
–Ø –ø—Ä–∏–µ–¥—É –∑–∞–≤—Ç—Ä–∞
–ù–∞–ø–∏—à—É –µ–π
–í –ø–Ω —Å–∫–æ—Ä–µ–µ –≤—Å–µ–≥–æ –ø–æ–π–¥–µ–º"
–ù–µ,"–∞ –Ω–∞—Å—á–µ—Ç –≥—Ä–∞–Ω—Ç–∞ –∫–∞–∫, –º–æ–ª—á–∏—Ç?)","–î–∞
–Ø –ø—Ä–∏–µ–¥—É –∑–∞–≤—Ç—Ä–∞
–ù–∞–ø–∏—à—É –µ–π
–í –ø–Ω —Å–∫–æ—Ä–µ–µ –≤—Å–µ–≥–æ –ø–æ–π–¥–µ–º","–Ø —Ç–æ–∂–µ –≤ –ø–æ–Ω–µ–¥–µ–ª—å–Ω–∏–∫ –≤ –≤—É–∑ –∏–¥—É
–∫–∞–∫ —Ä–∞–∑ –¥—É–º–∞–ª –∫ –Ω–µ–π –∑–∞–π—Ç–∏"
"–∞ –Ω–∞—Å—á–µ—Ç –≥—Ä–∞–Ω—Ç–∞ –∫–∞–∫, –º–æ–ª—á–∏—Ç?)","–î–∞
–Ø –ø—Ä–∏–µ–¥—É –∑–∞–≤—Ç—Ä–∞
–ù–∞–ø–∏—à—É –µ–π
–í –ø–Ω —Å–∫–æ—Ä–µ–µ –≤—Å–µ–≥–æ –ø–æ–π–¥–µ–º","–Ø —Ç–æ–∂–µ –≤ –ø–æ–Ω–µ–¥–µ–ª—å–Ω–∏–∫ –≤ –≤—É–∑ –∏–¥—É
–∫–∞–∫ —Ä–∞–∑ –¥—É–º–∞–ª –∫ –Ω–µ–π –∑–∞–π—Ç–∏",–ù—É –≤–æ—Ç –∑–∞–π–¥–µ–º
"–î–∞
–Ø –ø—Ä–∏–µ–¥—É –∑–∞–≤—Ç—Ä–∞
–ù–∞–ø–∏—à—É –µ–π
–í –ø–Ω —Å–∫–æ—Ä–µ–µ –≤—Å–µ–≥–æ –ø–æ–π–¥–µ–º","–Ø —Ç–æ–∂–µ –≤ –ø–æ–Ω–µ–¥–µ–ª—å–Ω–∏–∫ –≤ –≤—É–∑ –∏–¥—É
–∫–∞–∫ —Ä–∞–∑ –¥—É–º–∞–ª –∫ –Ω–µ–π –∑–∞–π—Ç–∏",–ù—É –≤–æ—Ç –∑–∞–π–¥–µ–º,–ü–æ–≥–Ω–∞–ª–∏ –≤ —á–∞—Å–æ–≤ 10?
"–Ø —Ç–æ–∂–µ –≤ –ø–æ–Ω–µ–¥–µ–ª—å–Ω–∏–∫ –≤ –≤—É–∑ –∏–¥—É
–∫–∞–∫ —Ä–∞–∑ –¥—É–º–∞–ª –∫ –Ω–µ–π –∑–∞–π—Ç–∏",–ù—É –≤–æ—Ç –∑–∞–π–¥–µ–º,–ü–æ–≥–Ω–∞–ª–∏ –≤ —á–∞—Å–æ–≤ 10?,"–û–Ω–∞ —Å–∫–æ—Ä–µ–µ –≤—Å–µ–≥–æ
–ü–æ—Å–ª–µ –æ–±–µ–¥–∞ –±—É–¥–µ—Ç —Å–≤–æ–±–æ–¥–Ω–∞"
–ù—É –≤–æ—Ç –∑–∞–π–¥–µ–º,–ü–æ–≥–Ω–∞–ª–∏ –≤ —á–∞—Å–æ–≤ 10?,"–û–Ω–∞ —Å–∫–æ—Ä–µ–µ –≤—Å–µ–≥–æ
–ü–æ—Å–ª–µ –æ–±–µ–¥–∞ –±—É–¥–µ—Ç —Å–≤–æ–±–æ–¥–Ω–∞","–ü–æ–Ω—è–ª
–ù—É –ø–æ—Å–º–æ—Ç—Ä–∏–º —Ç–æ–≥–¥–∞ —á—Ç–æ –æ–Ω–∞ –æ—Ç–≤–µ—Ç–∏—Ç
–ü–æ–ø—Ä–æ–±—É–µ–º?"
–ü–æ–≥–Ω–∞–ª–∏ –≤ —á–∞—Å–æ–≤ 10?,"–û–Ω–∞ —Å–∫–æ—Ä–µ–µ –≤—Å–µ–≥–æ
–ü–æ—Å–ª–µ –æ–±–µ–¥–∞ –±—É–¥–µ—Ç —Å–≤–æ–±–æ–¥–Ω–∞","–ü–æ–Ω—è–ª
–ù—É –ø–æ—Å–º–æ—Ç—Ä–∏–º —Ç–æ–≥–¥–∞ —á—Ç–æ –æ–Ω–∞ –æ—Ç–≤–µ—Ç–∏—Ç
–ü–æ–ø—Ä–æ–±—É–µ–º?","–ì–æ
–ò —Å—é–¥–∞ –≥–æ"
"–û–Ω–∞ —Å–∫–æ—Ä–µ–µ –≤—Å–µ–≥–æ
–ü–æ—Å–ª–µ –æ–±–µ–¥–∞ –±—É–¥–µ—Ç —Å–≤–æ–±–æ–¥–Ω–∞","–ü–æ–Ω—è–ª
–ù—É –ø–æ—Å–º–æ—Ç—Ä–∏–º —Ç–æ–≥–¥–∞ —á—Ç–æ –æ–Ω–∞ –æ—Ç–≤–µ—Ç–∏—Ç
–ü–æ–ø—Ä–æ–±—É–µ–º?","–ì–æ
–ò —Å—é–¥–∞ –≥–æ","–ú–æ–∂–Ω–æ –∫–∞–∫ —Ä–∞–∑ —ç—Ç—É –∏–¥–µ—é –ø—Ä–µ–¥–ª–æ–∂–∏—Ç—å
–ù–∞–¥–æ —Å–æ–±—Ä–∞—Ç—å—Å—è –≤ –¥–∏—Å–µ
–ó–∞–ø–∏—Å–∞—Ç—å—Å—è"
"–ü–æ–Ω—è–ª
–ù—É –ø–æ—Å–º–æ—Ç—Ä–∏–º —Ç–æ–≥–¥–∞ —á—Ç–æ –æ–Ω–∞ –æ—Ç–≤–µ—Ç–∏—Ç
–ü–æ–ø—Ä–æ–±—É–µ–º?","–ì–æ
–ò —Å—é–¥–∞ –≥–æ","–ú–æ–∂–Ω–æ –∫–∞–∫ —Ä–∞–∑ —ç—Ç—É –∏–¥–µ—é –ø—Ä–µ–¥–ª–æ–∂–∏—Ç—å
–ù–∞–¥–æ —Å–æ–±—Ä–∞—Ç—å—Å—è –≤ –¥–∏—Å–µ
–ó–∞–ø–∏—Å–∞—Ç—å—Å—è",–î–∞
"–ì–æ
–ò —Å—é–¥–∞ –≥–æ","–ú–æ–∂–Ω–æ –∫–∞–∫ —Ä–∞–∑ —ç—Ç—É –∏–¥–µ—é –ø—Ä–µ–¥–ª–æ–∂–∏—Ç—å
–ù–∞–¥–æ —Å–æ–±—Ä–∞—Ç—å—Å—è –≤ –¥–∏—Å–µ
–ó–∞–ø–∏—Å–∞—Ç—å—Å—è",–î–∞,"–ê –∫–æ–≥–¥–∞ —Ç–æ—Ç —Ö–∞–∫–∞—Ç–æ–Ω –±—É–¥–µ—Ç –Ω–∞ –∫–æ—Ç–æ—Ä—ã–π –º—ã –∑–∞—Ä–µ–≥–∞–ª–∏—Å—å?
–≤ –ø–∏—Ç–µ—Ä–µ –∫–æ—Ç–æ—Ä—ã–π"
"–ú–æ–∂–Ω–æ –∫–∞–∫ —Ä–∞–∑ —ç—Ç—É –∏–¥–µ—é –ø—Ä–µ–¥–ª–æ–∂–∏—Ç—å
–ù–∞–¥–æ —Å–æ–±—Ä–∞—Ç—å—Å—è –≤ –¥–∏—Å–µ
–ó–∞–ø–∏—Å–∞—Ç—å—Å—è",–î–∞,"–ê –∫–æ–≥–¥–∞ —Ç–æ—Ç —Ö–∞–∫–∞—Ç–æ–Ω –±—É–¥–µ—Ç –Ω–∞ –∫–æ—Ç–æ—Ä—ã–π –º—ã –∑–∞—Ä–µ–≥–∞–ª–∏—Å—å?
–≤ –ø–∏—Ç–µ—Ä–µ –∫–æ—Ç–æ—Ä—ã–π",25-27 –∞–≤–≥—É—Å—Ç–∞
,,,–ù–∞–¥–æ –∑–∞—Ä–µ–≥–∞—Ç—å—Å—è –Ω–∞ –≤—Å–µ—Ö –æ—Å—Ç–∞–ª—å–Ω—ã—Ö
,,–ù–∞–¥–æ –∑–∞—Ä–µ–≥–∞—Ç—å—Å—è –Ω–∞ –≤—Å–µ—Ö –æ—Å—Ç–∞–ª—å–Ω—ã—Ö,–¥–∞
,,,"–ù–∞–¥–æ –º–æ–Ω–∏—Ç–æ—Ä–∏—Ç—å, –º–± –¥–∞–Ω–Ω—ã–µ —Ä–∞–Ω—å—à–µ —Å–∫–∏–Ω—É—Ç
—Ö–∑ –∫—É–¥–∞ –∫–æ–Ω–µ—á–Ω–æ
–Ω–æ –º–± —Ç–∞–º –ø–æ—è–≤–∏—Ç—Å—è
–≠—Ç–æ —É–∂–µ –∑–∞–¥–∞—á–∞ —Ç–∏–ø–∞?
–ê –¥–∞–Ω–Ω—ã—Ö –Ω–∏–∫–∞–∫–∏—Ö –Ω–µ—Ç?"
,,"–ù–∞–¥–æ –º–æ–Ω–∏—Ç–æ—Ä–∏—Ç—å, –º–± –¥–∞–Ω–Ω—ã–µ —Ä–∞–Ω—å—à–µ —Å–∫–∏–Ω—É—Ç
—Ö–∑ –∫—É–¥–∞ –∫–æ–Ω–µ—á–Ω–æ
–Ω–æ –º–± —Ç–∞–º –ø–æ—è–≤–∏—Ç—Å—è
–≠—Ç–æ —É–∂–µ –∑–∞–¥–∞—á–∞ —Ç–∏–ø–∞?
–ê –¥–∞–Ω–Ω—ã—Ö –Ω–∏–∫–∞–∫–∏—Ö –Ω–µ—Ç?","–≠—Ç–æ –ø—Ä–æ—Å—Ç–æ –∏–Ω—Ñ–∞
–î–∞–Ω–Ω—ã–µ , —è –¥—É–º–∞—é , –¥–∞–¥—É—Ç –∫–æ–≥–¥–∞ –Ω–∞—á–Ω–µ—Ç—Å—è —Ö–∞–∫–∞—Ç–æ–Ω
–ú—ã –∂–µ —ç—Ç–æ—Ç –∫–µ–π—Å –≤—ã–±—Ä–∞–ª–∏ , –¥–∞ ?"
,"–ù–∞–¥–æ –º–æ–Ω–∏—Ç–æ—Ä–∏—Ç—å, –º–± –¥–∞–Ω–Ω—ã–µ —Ä–∞–Ω—å—à–µ —Å–∫–∏–Ω—É—Ç
—Ö–∑ –∫—É–¥–∞ –∫–æ–Ω–µ—á–Ω–æ
–Ω–æ –º–± —Ç–∞–º –ø–æ—è–≤–∏—Ç—Å—è
–≠—Ç–æ —É–∂–µ –∑–∞–¥–∞—á–∞ —Ç–∏–ø–∞?
–ê –¥–∞–Ω–Ω—ã—Ö –Ω–∏–∫–∞–∫–∏—Ö –Ω–µ—Ç?","–≠—Ç–æ –ø—Ä–æ—Å—Ç–æ –∏–Ω—Ñ–∞
–î–∞–Ω–Ω—ã–µ , —è –¥—É–º–∞—é , –¥–∞–¥—É—Ç –∫–æ–≥–¥–∞ –Ω–∞—á–Ω–µ—Ç—Å—è —Ö–∞–∫–∞—Ç–æ–Ω
–ú—ã –∂–µ —ç—Ç–æ—Ç –∫–µ–π—Å –≤—ã–±—Ä–∞–ª–∏ , –¥–∞ ?",–í—Ä–æ–¥–µ –¥–∞
,,,"–Ø —É–∂–µ –Ω–µ –º–æ–≥—É –≤ –µ–±—É—á–µ–º –ª–∞–≥–µ—Ä–µ
–•–æ—á—É –∫ –≤–∞–º
–•–æ—á—É –ø—Ä–æ–≥–∞—Ç—å –±–ª—è—Ç—å
–Ø –∑–∞—Ä—è–∂–µ–Ω"
,,"–Ø —É–∂–µ –Ω–µ –º–æ–≥—É –≤ –µ–±—É—á–µ–º –ª–∞–≥–µ—Ä–µ
–•–æ—á—É –∫ –≤–∞–º
–•–æ—á—É –ø—Ä–æ–≥–∞—Ç—å –±–ª—è—Ç—å
–Ø –∑–∞—Ä—è–∂–µ–Ω",–£—Ç–æ—á–Ω–µ–Ω–∏—è —Ç–∏–ø
,"–Ø —É–∂–µ –Ω–µ –º–æ–≥—É –≤ –µ–±—É—á–µ–º –ª–∞–≥–µ—Ä–µ
–•–æ—á—É –∫ –≤–∞–º
–•–æ—á—É –ø—Ä–æ–≥–∞—Ç—å –±–ª—è—Ç—å
–Ø –∑–∞—Ä—è–∂–µ–Ω",–£—Ç–æ—á–Ω–µ–Ω–∏—è —Ç–∏–ø,–º–æ–∂–Ω–æ –±—É–¥–µ—Ç –≤–æ –≤—Ä–µ–º—è —Å–∞–º–æ–≥–æ —Ö–∞–∫–∞—Ç–æ–Ω–∞ –Ω–∞–≤—Ä–µ–Ω
"–Ø —É–∂–µ –Ω–µ –º–æ–≥—É –≤ –µ–±—É—á–µ–º –ª–∞–≥–µ—Ä–µ
–•–æ—á—É –∫ –≤–∞–º
–•–æ—á—É –ø—Ä–æ–≥–∞—Ç—å –±–ª—è—Ç—å
–Ø –∑–∞—Ä—è–∂–µ–Ω",–£—Ç–æ—á–Ω–µ–Ω–∏—è —Ç–∏–ø,–º–æ–∂–Ω–æ –±—É–¥–µ—Ç –≤–æ –≤—Ä–µ–º—è —Å–∞–º–æ–≥–æ —Ö–∞–∫–∞—Ç–æ–Ω–∞ –Ω–∞–≤—Ä–µ–Ω,"–Ø –ø—Ä–æ—Å—Ç–æ –Ω–µ –ø–æ–Ω–∏–º–∞—é —á—Ç–æ –±—É–¥–µ—Ç –Ω–∞ —Å–∫—Ä–∏–Ω–∞—Ö
–¢–∏–ø–∞
–¢—ã –û–ª–µ–≥ –∫–∞–∫ –ø–æ–Ω—è–ª —ç—Ç–æ?"
–£—Ç–æ—á–Ω–µ–Ω–∏—è —Ç–∏–ø,–º–æ–∂–Ω–æ –±—É–¥–µ—Ç –≤–æ –≤—Ä–µ–º—è —Å–∞–º–æ–≥–æ —Ö–∞–∫–∞—Ç–æ–Ω–∞ –Ω–∞–≤—Ä–µ–Ω,"–Ø –ø—Ä–æ—Å—Ç–æ –Ω–µ –ø–æ–Ω–∏–º–∞—é —á—Ç–æ –±—É–¥–µ—Ç –Ω–∞ —Å–∫—Ä–∏–Ω–∞—Ö
–¢–∏–ø–∞
–¢—ã –û–ª–µ–≥ –∫–∞–∫ –ø–æ–Ω—è–ª —ç—Ç–æ?",–ø–æ —Ä–∞—Å–ø–∏—Å–∞–Ω–∏—é
–º–æ–∂–Ω–æ –±—É–¥–µ—Ç –≤–æ –≤—Ä–µ–º—è —Å–∞–º–æ–≥–æ —Ö–∞–∫–∞—Ç–æ–Ω–∞ –Ω–∞–≤—Ä–µ–Ω,"–Ø –ø—Ä–æ—Å—Ç–æ –Ω–µ –ø–æ–Ω–∏–º–∞—é —á—Ç–æ –±—É–¥–µ—Ç –Ω–∞ —Å–∫—Ä–∏–Ω–∞—Ö
–¢–∏–ø–∞
–¢—ã –û–ª–µ–≥ –∫–∞–∫ –ø–æ–Ω—è–ª —ç—Ç–æ?",–ø–æ —Ä–∞—Å–ø–∏—Å–∞–Ω–∏—é,"–ü—Ä–æ—Å—Ç–æ —è —Å–µ–π—á–∞—Å —Ö–æ—Ç–µ–ª –ø—Ä–∏–º–µ—Ä–Ω–æ —Å–æ—Ä–∏–µ–Ω—Ç–∏—Ä–æ–≤–∞—Ç—å—Å—è –∫—É–¥–∞ –Ω–∞–¥–æ –∫–æ–ø–∞—Ç—å, –∞ –¥–ª—è —ç—Ç–æ–≥–æ —è —Ö–æ—Ç–µ–ª –ø–æ–Ω—è—Ç—å —á—Ç–æ –±—É–¥–µ—Ç –Ω–∞ —Å–∫—Ä–∏–Ω–∞—Ö
–§–æ—Ç–æ —Å–∞–º–æ–≥–æ –±–ª–æ–≥–∞ –∏–ª–∏ —á—Ç–æ
–¢–∏–ø —Å–∫—Ä–∏–Ω –≥—Ä—É–ø–ø—ã –≤–∫ –∫–∞–∫ –æ—Ñ–æ—Ä–º–ª–µ–Ω–æ
–∏–ª–∏ –∏–Ω—Å—Ç–∞
–∏–ª–∏
—Ö–∑..."
"–Ø –ø—Ä–æ—Å—Ç–æ –Ω–µ –ø–æ–Ω–∏–º–∞—é —á—Ç–æ –±—É–¥–µ—Ç –Ω–∞ —Å–∫—Ä–∏–Ω–∞—Ö
–¢–∏–ø–∞
–¢—ã –û–ª–µ–≥ –∫–∞–∫ –ø–æ–Ω—è–ª —ç—Ç–æ?",–ø–æ —Ä–∞—Å–ø–∏—Å–∞–Ω–∏—é,"–ü—Ä–æ—Å—Ç–æ —è —Å–µ–π—á–∞—Å —Ö–æ—Ç–µ–ª –ø—Ä–∏–º–µ—Ä–Ω–æ —Å–æ—Ä–∏–µ–Ω—Ç–∏—Ä–æ–≤–∞—Ç—å—Å—è –∫—É–¥–∞ –Ω–∞–¥–æ –∫–æ–ø–∞—Ç—å, –∞ –¥–ª—è —ç—Ç–æ–≥–æ —è —Ö–æ—Ç–µ–ª –ø–æ–Ω—è—Ç—å —á—Ç–æ –±—É–¥–µ—Ç –Ω–∞ —Å–∫—Ä–∏–Ω–∞—Ö
–§–æ—Ç–æ —Å–∞–º–æ–≥–æ –±–ª–æ–≥–∞ –∏–ª–∏ —á—Ç–æ
–¢–∏–ø —Å–∫—Ä–∏–Ω –≥—Ä—É–ø–ø—ã –≤–∫ –∫–∞–∫ –æ—Ñ–æ—Ä–º–ª–µ–Ω–æ
–∏–ª–∏ –∏–Ω—Å—Ç–∞
–∏–ª–∏
—Ö–∑...",–ú–æ–∂–Ω–æ
–ø–æ —Ä–∞—Å–ø–∏—Å–∞–Ω–∏—é,"–ü—Ä–æ—Å—Ç–æ —è —Å–µ–π—á–∞—Å —Ö–æ—Ç–µ–ª –ø—Ä–∏–º–µ—Ä–Ω–æ —Å–æ—Ä–∏–µ–Ω—Ç–∏—Ä–æ–≤–∞—Ç—å—Å—è –∫—É–¥–∞ –Ω–∞–¥–æ –∫–æ–ø–∞—Ç—å, –∞ –¥–ª—è —ç—Ç–æ–≥–æ —è —Ö–æ—Ç–µ–ª –ø–æ–Ω—è—Ç—å —á—Ç–æ –±—É–¥–µ—Ç –Ω–∞ —Å–∫—Ä–∏–Ω–∞—Ö
–§–æ—Ç–æ —Å–∞–º–æ–≥–æ –±–ª–æ–≥–∞ –∏–ª–∏ —á—Ç–æ
–¢–∏–ø —Å–∫—Ä–∏–Ω –≥—Ä—É–ø–ø—ã –≤–∫ –∫–∞–∫ –æ—Ñ–æ—Ä–º–ª–µ–Ω–æ
–∏–ª–∏ –∏–Ω—Å—Ç–∞
–∏–ª–∏
—Ö–∑...",–ú–æ–∂–Ω–æ,"–û
–ù–∞–ø–∏—à–∏ –ø–ª–µ–∑, —Ç–∏–ø —á—Ç–æ –∫–æ–Ω—Ä–µ—Ç–Ω–æ –±—É–¥–µ—Ç –Ω–∞ —Å–∫—Ä–∏–Ω–∞—Ö
–ú–± 1-2 –ø—Ä–∏–º–µ—Ä–∞ –ø—Ä–∏—à–ª—é—Ç"
"–ü—Ä–æ—Å—Ç–æ —è —Å–µ–π—á–∞—Å —Ö–æ—Ç–µ–ª –ø—Ä–∏–º–µ—Ä–Ω–æ —Å–æ—Ä–∏–µ–Ω—Ç–∏—Ä–æ–≤–∞—Ç—å—Å—è –∫—É–¥–∞ –Ω–∞–¥–æ –∫–æ–ø–∞—Ç—å, –∞ –¥–ª—è —ç—Ç–æ–≥–æ —è —Ö–æ—Ç–µ–ª –ø–æ–Ω—è—Ç—å —á—Ç–æ –±—É–¥–µ—Ç –Ω–∞ —Å–∫—Ä–∏–Ω–∞—Ö
–§–æ—Ç–æ —Å–∞–º–æ–≥–æ –±–ª–æ–≥–∞ –∏–ª–∏ —á—Ç–æ
–¢–∏–ø —Å–∫—Ä–∏–Ω –≥—Ä—É–ø–ø—ã –≤–∫ –∫–∞–∫ –æ—Ñ–æ—Ä–º–ª–µ–Ω–æ
–∏–ª–∏ –∏–Ω—Å—Ç–∞
–∏–ª–∏
—Ö–∑...",–ú–æ–∂–Ω–æ,"–û
–ù–∞–ø–∏—à–∏ –ø–ª–µ–∑, —Ç–∏–ø —á—Ç–æ –∫–æ–Ω—Ä–µ—Ç–Ω–æ –±—É–¥–µ—Ç –Ω–∞ —Å–∫—Ä–∏–Ω–∞—Ö
–ú–± 1-2 –ø—Ä–∏–º–µ—Ä–∞ –ø—Ä–∏—à–ª—é—Ç","–í–æ—Ç —á–∞—Ç –¥–ª—è –≤—Å–µ—Ö
–ú–æ–∂–µ—à—å –≤—Å—Ç—É–ø–∏—Ç—å —É–∑–Ω–∞—Ç—å"
–ú–æ–∂–Ω–æ,"–û
–ù–∞–ø–∏—à–∏ –ø–ª–µ–∑, —Ç–∏–ø —á—Ç–æ –∫–æ–Ω—Ä–µ—Ç–Ω–æ –±—É–¥–µ—Ç –Ω–∞ —Å–∫—Ä–∏–Ω–∞—Ö
–ú–± 1-2 –ø—Ä–∏–º–µ—Ä–∞ –ø—Ä–∏—à–ª—é—Ç","–í–æ—Ç —á–∞—Ç –¥–ª—è –≤—Å–µ—Ö
–ú–æ–∂–µ—à—å –≤—Å—Ç—É–ø–∏—Ç—å —É–∑–Ω–∞—Ç—å","–ù–∞–ø–∏—Å–∞–ª –æ—Ä–≥–∞–Ω–∏–∑–∞—Ç–æ—Ä—É
–ì–æ–≤–æ—Ä–∏—Ç —Ç–æ–ª—å–∫–æ –∫–æ–≥–¥–∞ –Ω–∞—á–∞–ª–æ –±—É–¥–µ—Ç –º–æ–∂–Ω–æ –±—É–¥–µ—Ç —ç—Ç–æ —É–∑–Ω–∞—Ç—å
–ì–∞–¥—ã"
